,index,Bovenkant laag (m beneden maaiveld),Onderkant laag (m beneden maaiveld),Kleur,Hoofdgrondsoort,Sublaag,Zandmediaan M63,Zandmediaanklasse,Bijmenging klei,Lutum %,Bijmenging silt,Silt%,Bijmenging zand,Zand %,Bijmenging grind,Grind %,Bijmenging humus,Organische stof %,Kalkgehalte,z,x,y,quality,boringnr,Lithoclass,i (no weight),i
0,118,184.0,185.0,bruin,zand,---,320,zeer grof,---,0,zwak siltig,2,---,98,---,0,zwak humeus,1,kalkloos,0,170376,370810,A,118,zg,0,0.0
1,119,185.0,186.0,donker-geel-bruin,zand,---,320,zeer grof,---,0,zwak siltig,2,---,98,---,0,zwak humeus,1,kalkloos,-1,170376,370810,A,119,zg,0,0.0
2,120,186.0,189.0,bruin,zand,---,320,zeer grof,---,0,zwak siltig,2,---,98,---,0,zwak humeus,1,kalkloos,-2,170376,370810,A,120,zg,0,0.0
3,120,186.0,189.0,bruin,zand,---,320,zeer grof,---,0,zwak siltig,2,---,98,---,0,zwak humeus,1,kalkloos,-3,170376,370810,A,120,zg,0,0.0
4,120,186.0,189.0,bruin,zand,---,320,zeer grof,---,0,zwak siltig,2,---,98,---,0,zwak humeus,1,kalkloos,-4,170376,370810,A,120,zg,0,0.0
5,121,189.0,190.0,donker-grijs-bruin,leem,---,---,---,---,12,---,88,zwak zandig,0,---,0,sterk humeus,17,kalkloos,-5,170376,370810,A,121,kz,1,1.0
6,122,190.0,192.0,bruin,zand,---,320,zeer grof,---,0,zwak siltig,2,---,98,---,0,zwak humeus,1,kalkloos,-6,170376,370810,A,122,zg,0,0.0
7,122,190.0,192.0,bruin,zand,---,320,zeer grof,---,0,zwak siltig,2,---,98,---,0,zwak humeus,1,kalkloos,-7,170376,370810,A,122,zg,0,0.0
8,123,192.0,193.0,geel-bruin,leem,---,---,---,---,12,---,88,zwak zandig,0,---,0,matig humeus,8,kalkloos,-8,170376,370810,A,123,kz,1,1.0
9,124,193.0,194.0,licht-bruin,zand,---,350,zeer grof,---,0,zwak siltig,2,---,98,---,0,zwak humeus,1,kalkloos,-9,170376,370810,A,124,zg,0,0.0
10,125,194.0,197.0,donker-bruin,leem,---,---,---,---,10,---,88,zwak zandig,2,---,0,sterk humeus,14,kalkloos,-10,170376,370810,A,125,kz,1,1.0
11,125,194.0,197.0,donker-bruin,leem,---,---,---,---,10,---,88,zwak zandig,2,---,0,sterk humeus,14,kalkloos,-11,170376,370810,A,125,kz,1,1.0
12,125,194.0,197.0,donker-bruin,leem,---,---,---,---,10,---,88,zwak zandig,2,---,0,sterk humeus,14,kalkloos,-12,170376,370810,A,125,kz,1,1.0
13,126,197.0,199.0,donker-grijs-bruin,klei,---,---,---,---,36,matig siltig,64,---,0,---,0,matig humeus,6,kalkloos,-13,170376,370810,A,126,k,1,1.0
14,126,197.0,199.0,donker-grijs-bruin,klei,---,---,---,---,36,matig siltig,64,---,0,---,0,matig humeus,6,kalkloos,-14,170376,370810,A,126,k,1,1.0
15,127,199.0,201.0,bruin,zand,---,280,matig grof,---,0,zwak siltig,2,---,98,---,0,zwak humeus,1,kalkloos,-15,170376,370810,A,127,zm,0,0.0
16,127,199.0,201.0,bruin,zand,---,280,matig grof,---,0,zwak siltig,2,---,98,---,0,zwak humeus,1,kalkloos,-16,170376,370810,A,127,zm,0,0.0
17,128,201.0,203.0,bruin,zand,---,280,matig grof,---,0,zwak siltig,2,---,98,---,0,zwak humeus,1,kalkloos,-17,170376,370810,A,128,zm,0,0.0
18,128,201.0,203.0,bruin,zand,---,280,matig grof,---,0,zwak siltig,2,---,98,---,0,zwak humeus,1,kalkloos,-18,170376,370810,A,128,zm,0,0.0
19,129,203.0,205.0,bruin,zand,---,280,matig grof,---,0,zwak siltig,2,---,98,---,0,zwak humeus,1,kalkloos,-19,170376,370810,A,129,zm,0,0.0
20,129,203.0,205.0,bruin,zand,---,280,matig grof,---,0,zwak siltig,2,---,98,---,0,zwak humeus,1,kalkloos,-20,170376,370810,A,129,zm,0,0.0
21,130,205.0,208.0,licht-bruin,zand,---,420,uiterst grof,---,0,zwak siltig,1,---,99,---,0,matig humeus,3,kalkloos,-21,170376,370810,A,130,zg,0,0.0
22,130,205.0,208.0,licht-bruin,zand,---,420,uiterst grof,---,0,zwak siltig,1,---,99,---,0,matig humeus,3,kalkloos,-22,170376,370810,A,130,zg,0,0.0
23,130,205.0,208.0,licht-bruin,zand,---,420,uiterst grof,---,0,zwak siltig,1,---,99,---,0,matig humeus,3,kalkloos,-23,170376,370810,A,130,zg,0,0.0
24,131,208.0,209.0,licht-bruin,zand,---,340,zeer grof,---,0,zwak siltig,1,---,99,---,0,matig humeus,3,kalkloos,-24,170376,370810,A,131,zg,0,0.0
25,132,209.0,211.0,licht-bruin,zand,---,340,zeer grof,---,0,zwak siltig,1,---,99,---,0,zwak humeus,2,kalkloos,-25,170376,370810,A,132,zg,0,0.0
26,132,209.0,211.0,licht-bruin,zand,---,340,zeer grof,---,0,zwak siltig,1,---,99,---,0,zwak humeus,2,kalkloos,-26,170376,370810,A,132,zg,0,0.0
27,133,211.0,215.0,donker-bruin-grijs,leem,---,---,---,---,10,---,90,zwak zandig,0,---,0,sterk humeus,16,kalkloos,-27,170376,370810,A,133,kz,1,1.0
28,69,180.0,187.0,bruin,zand,---,300,matig grof (O),---,---,---,---,---,---,---,---,matig humeus,---,---,0,170895,368390,C,69,zm,0,0.2
29,69,180.0,187.0,bruin,zand,---,300,matig grof (O),---,---,---,---,---,---,---,---,matig humeus,---,---,-1,170895,368390,C,69,zm,0,0.2
30,69,180.0,187.0,bruin,zand,---,300,matig grof (O),---,---,---,---,---,---,---,---,matig humeus,---,---,-2,170895,368390,C,69,zm,0,0.2
31,69,180.0,187.0,bruin,zand,---,300,matig grof (O),---,---,---,---,---,---,---,---,matig humeus,---,---,-3,170895,368390,C,69,zm,0,0.2
32,70,187.0,189.0,donker-grijs,klei,---,---,---,---,40,matig siltig,---,---,---,---,---,---,---,---,-4,170895,368390,C,70,k,1,0.8
33,70,187.0,189.0,donker-grijs,klei,---,---,---,---,40,matig siltig,---,---,---,---,---,---,---,---,-5,170895,368390,C,70,k,1,0.8
34,71,189.0,190.0,licht-geel-grijs,zand,---,290,matig grof (O),---,---,---,---,---,---,---,---,sterk humeus,---,---,-6,170895,368390,C,71,zm,0,0.2
35,72,190.0,192.0,licht-geel-grijs,zand,---,180,matig fijn (O),---,---,---,---,---,---,---,---,matig humeus,---,---,-7,170895,368390,C,72,zm,0,0.2
36,72,190.0,192.0,licht-geel-grijs,zand,---,180,matig fijn (O),---,---,---,---,---,---,---,---,matig humeus,---,---,-8,170895,368390,C,72,zm,0,0.2
37,73,192.0,196.0,licht-geel-grijs,zand,---,280,matig grof (O),---,---,---,---,---,---,---,---,sterk humeus,---,---,-9,170895,368390,C,73,zm,0,0.2
38,73,192.0,196.0,licht-geel-grijs,zand,---,280,matig grof (O),---,---,---,---,---,---,---,---,sterk humeus,---,---,-10,170895,368390,C,73,zm,0,0.2
39,73,192.0,196.0,licht-geel-grijs,zand,---,280,matig grof (O),---,---,---,---,---,---,---,---,sterk humeus,---,---,-11,170895,368390,C,73,zm,0,0.2
40,73,192.0,196.0,licht-geel-grijs,zand,---,280,matig grof (O),---,---,---,---,---,---,---,---,sterk humeus,---,---,-12,170895,368390,C,73,zm,0,0.2
41,74,196.0,197.0,bruin,zand,---,300,matig grof (O),---,---,---,---,---,---,---,---,matig humeus,---,---,-13,170895,368390,C,74,zm,0,0.2
42,75,197.0,198.0,licht-geel-grijs,zand,---,390,zeer grof (O),---,---,---,---,---,---,---,---,matig humeus,---,---,-14,170895,368390,C,75,zg,0,0.2
43,76,198.0,202.0,zwart,veen,---,---,---,sterk kleiig,---,---,---,---,---,---,---,---,---,---,-15,170895,368390,C,76,v,1,0.8
44,76,198.0,202.0,zwart,veen,---,---,---,sterk kleiig,---,---,---,---,---,---,---,---,---,---,-16,170895,368390,C,76,v,1,0.8
45,76,198.0,202.0,zwart,veen,---,---,---,sterk kleiig,---,---,---,---,---,---,---,---,---,---,-17,170895,368390,C,76,v,1,0.8
46,76,198.0,202.0,zwart,veen,---,---,---,sterk kleiig,---,---,---,---,---,---,---,---,---,---,-18,170895,368390,C,76,v,1,0.8
47,77,202.0,204.0,onbekend,zand,---,190,matig fijn (O),---,---,---,---,---,---,---,---,---,---,---,-19,170895,368390,C,77,zm,0,0.2
48,77,202.0,204.0,onbekend,zand,---,190,matig fijn (O),---,---,---,---,---,---,---,---,---,---,---,-20,170895,368390,C,77,zm,0,0.2
49,78,204.0,210.0,grijs,zand,---,200,matig fijn (O),---,---,---,---,---,---,---,---,---,---,---,-21,170895,368390,C,78,zm,0,0.2
50,78,204.0,210.0,grijs,zand,---,200,matig fijn (O),---,---,---,---,---,---,---,---,---,---,---,-22,170895,368390,C,78,zm,0,0.2
51,78,204.0,210.0,grijs,zand,---,200,matig fijn (O),---,---,---,---,---,---,---,---,---,---,---,-23,170895,368390,C,78,zm,0,0.2
52,78,204.0,210.0,grijs,zand,---,200,matig fijn (O),---,---,---,---,---,---,---,---,---,---,---,-24,170895,368390,C,78,zm,0,0.2
53,78,204.0,210.0,grijs,zand,---,200,matig fijn (O),---,---,---,---,---,---,---,---,---,---,---,-25,170895,368390,C,78,zm,0,0.2
54,78,204.0,210.0,grijs,zand,---,200,matig fijn (O),---,---,---,---,---,---,---,---,---,---,---,-26,170895,368390,C,78,zm,0,0.2
55,79,210.0,218.0,grijs,zand,---,240,matig grof (O),---,---,---,---,---,---,---,---,---,---,---,-27,170895,368390,C,79,zm,0,0.2
56,71,165.0,166.0,donker-grijs,klei,---,---,---,---,35,sterk siltig,65,---,0,---,0,sterk humeus,12,kalkloos,0,169253,368261,A,71,kz,1,1.0
57,72,166.0,168.0,licht-bruin,zand,---,170,matig fijn,---,0,zwak siltig,3,---,97,---,0,zwak humeus,2,kalkloos,-1,169253,368261,A,72,zf,0,0.0
58,72,166.0,168.0,licht-bruin,zand,---,170,matig fijn,---,0,zwak siltig,3,---,97,---,0,zwak humeus,2,kalkloos,-2,169253,368261,A,72,zf,0,0.0
59,73,168.0,170.0,licht-bruin,zand,---,170,matig fijn,---,0,zwak siltig,3,---,97,---,0,zwak humeus,2,kalkloos,-3,169253,368261,A,73,zf,0,0.0
60,73,168.0,170.0,licht-bruin,zand,---,170,matig fijn,---,0,zwak siltig,3,---,97,---,0,zwak humeus,2,kalkloos,-4,169253,368261,A,73,zf,0,0.0
61,74,170.0,176.0,bruin,zand,---,230,matig grof,---,0,zwak siltig,1,---,99,---,0,zwak humeus,2,kalkloos,-5,169253,368261,A,74,zm,0,0.0
62,74,170.0,176.0,bruin,zand,---,230,matig grof,---,0,zwak siltig,1,---,99,---,0,zwak humeus,2,kalkloos,-6,169253,368261,A,74,zm,0,0.0
63,74,170.0,176.0,bruin,zand,---,230,matig grof,---,0,zwak siltig,1,---,99,---,0,zwak humeus,2,kalkloos,-7,169253,368261,A,74,zm,0,0.0
64,74,170.0,176.0,bruin,zand,---,230,matig grof,---,0,zwak siltig,1,---,99,---,0,zwak humeus,2,kalkloos,-8,169253,368261,A,74,zm,0,0.0
65,74,170.0,176.0,bruin,zand,---,230,matig grof,---,0,zwak siltig,1,---,99,---,0,zwak humeus,2,kalkloos,-9,169253,368261,A,74,zm,0,0.0
66,74,170.0,176.0,bruin,zand,---,230,matig grof,---,0,zwak siltig,1,---,99,---,0,zwak humeus,2,kalkloos,-10,169253,368261,A,74,zm,0,0.0
67,75,176.0,178.0,bruin,zand,---,230,matig grof,---,0,zwak siltig,1,---,99,---,0,zwak humeus,2,kalkloos,-11,169253,368261,A,75,zm,0,0.0
68,75,176.0,178.0,bruin,zand,---,230,matig grof,---,0,zwak siltig,1,---,99,---,0,zwak humeus,2,kalkloos,-12,169253,368261,A,75,zm,0,0.0
69,76,178.0,179.0,bruin,zand,---,230,matig grof,---,0,zwak siltig,1,---,99,---,0,zwak humeus,2,kalkloos,-13,169253,368261,A,76,zm,0,0.0
70,77,179.0,182.0,donker-bruin,leem,---,---,---,---,15,---,85,zwak zandig,0,---,0,sterk humeus,17,kalkloos,-14,169253,368261,A,77,kz,1,1.0
71,77,179.0,182.0,donker-bruin,leem,---,---,---,---,15,---,85,zwak zandig,0,---,0,sterk humeus,17,kalkloos,-15,169253,368261,A,77,kz,1,1.0
72,77,179.0,182.0,donker-bruin,leem,---,---,---,---,15,---,85,zwak zandig,0,---,0,sterk humeus,17,kalkloos,-16,169253,368261,A,77,kz,1,1.0
73,78,182.0,184.0,bruin,zand,---,170,matig fijn,---,0,zwak siltig,3,---,97,---,0,zwak humeus,2,kalkloos,-17,169253,368261,A,78,zf,0,0.0
74,78,182.0,184.0,bruin,zand,---,170,matig fijn,---,0,zwak siltig,3,---,97,---,0,zwak humeus,2,kalkloos,-18,169253,368261,A,78,zf,0,0.0
75,79,184.0,186.0,bruin,zand,---,170,matig fijn,---,0,zwak siltig,3,---,97,---,0,zwak humeus,2,kalkloos,-19,169253,368261,A,79,zf,0,0.0
76,79,184.0,186.0,bruin,zand,---,170,matig fijn,---,0,zwak siltig,3,---,97,---,0,zwak humeus,2,kalkloos,-20,169253,368261,A,79,zf,0,0.0
77,80,186.0,190.0,bruin,zand,---,170,matig fijn,---,0,zwak siltig,3,---,97,---,0,zwak humeus,2,kalkloos,-21,169253,368261,A,80,zf,0,0.0
78,80,186.0,190.0,bruin,zand,---,170,matig fijn,---,0,zwak siltig,3,---,97,---,0,zwak humeus,2,kalkloos,-22,169253,368261,A,80,zf,0,0.0
79,80,186.0,190.0,bruin,zand,---,170,matig fijn,---,0,zwak siltig,3,---,97,---,0,zwak humeus,2,kalkloos,-23,169253,368261,A,80,zf,0,0.0
80,80,186.0,190.0,bruin,zand,---,170,matig fijn,---,0,zwak siltig,3,---,97,---,0,zwak humeus,2,kalkloos,-24,169253,368261,A,80,zf,0,0.0
81,81,190.0,193.0,donker-grijs,klei,---,---,---,---,37,matig siltig,63,---,0,---,0,sterk humeus,12,kalkloos,-25,169253,368261,A,81,k,1,1.0
82,81,190.0,193.0,donker-grijs,klei,---,---,---,---,37,matig siltig,63,---,0,---,0,sterk humeus,12,kalkloos,-26,169253,368261,A,81,k,1,1.0
83,81,190.0,193.0,donker-grijs,klei,---,---,---,---,37,matig siltig,63,---,0,---,0,sterk humeus,12,kalkloos,-27,169253,368261,A,81,k,1,1.0
84,94,145.0,147.0,bruin,zand,---,450,uiterst grof,---,0,zwak siltig,1,---,99,---,0,---,0,kalkloos,0,167401,366400,A,94,zg,0,0.0
85,94,145.0,147.0,bruin,zand,---,450,uiterst grof,---,0,zwak siltig,1,---,99,---,0,---,0,kalkloos,-1,167401,366400,A,94,zg,0,0.0
86,95,147.0,148.0,bruin,zand,---,450,uiterst grof,---,0,zwak siltig,1,---,99,---,0,zwak humeus,1,kalkloos,-2,167401,366400,A,95,zg,0,0.0
87,96,148.0,149.0,geel-bruin,zand,---,450,uiterst grof,---,0,zwak siltig,1,---,99,---,0,zwak humeus,2,kalkloos,-3,167401,366400,A,96,zg,0,0.0
88,97,149.0,151.0,licht-geel-bruin,zand,---,320,zeer grof,---,0,zwak siltig,2,---,98,---,0,zwak humeus,1,kalkloos,-4,167401,366400,A,97,zg,0,0.0
89,97,149.0,151.0,licht-geel-bruin,zand,---,320,zeer grof,---,0,zwak siltig,2,---,98,---,0,zwak humeus,1,kalkloos,-5,167401,366400,A,97,zg,0,0.0
90,98,151.0,154.0,donker-bruin-grijs,klei,---,---,---,---,39,matig siltig,61,---,0,---,0,sterk humeus,19,kalkloos,-6,167401,366400,A,98,k,1,1.0
91,98,151.0,154.0,donker-bruin-grijs,klei,---,---,---,---,39,matig siltig,61,---,0,---,0,sterk humeus,19,kalkloos,-7,167401,366400,A,98,k,1,1.0
92,98,151.0,154.0,donker-bruin-grijs,klei,---,---,---,---,39,matig siltig,61,---,0,---,0,sterk humeus,19,kalkloos,-8,167401,366400,A,98,k,1,1.0
93,99,154.0,155.0,licht-bruin,zand,---,170,matig fijn,---,0,zwak siltig,5,---,95,---,0,zwak humeus,1,kalkloos,-9,167401,366400,A,99,zf,0,0.0
94,100,155.0,156.0,donker-bruin-grijs,klei,---,---,---,---,36,matig siltig,64,---,0,---,0,sterk humeus,21,kalkloos,-10,167401,366400,A,100,k,1,1.0
95,101,156.0,161.0,donker-bruin-grijs,klei,---,---,---,---,38,matig siltig,62,---,0,---,0,sterk humeus,19,kalkloos,-11,167401,366400,A,101,k,1,1.0
96,101,156.0,161.0,donker-bruin-grijs,klei,---,---,---,---,38,matig siltig,62,---,0,---,0,sterk humeus,19,kalkloos,-12,167401,366400,A,101,k,1,1.0
97,101,156.0,161.0,donker-bruin-grijs,klei,---,---,---,---,38,matig siltig,62,---,0,---,0,sterk humeus,19,kalkloos,-13,167401,366400,A,101,k,1,1.0
98,101,156.0,161.0,donker-bruin-grijs,klei,---,---,---,---,38,matig siltig,62,---,0,---,0,sterk humeus,19,kalkloos,-14,167401,366400,A,101,k,1,1.0
99,101,156.0,161.0,donker-bruin-grijs,klei,---,---,---,---,38,matig siltig,62,---,0,---,0,sterk humeus,19,kalkloos,-15,167401,366400,A,101,k,1,1.0
100,102,161.0,164.0,donker-bruin-grijs,klei,---,---,---,---,38,matig siltig,62,---,0,---,0,sterk humeus,19,kalkloos,-16,167401,366400,A,102,k,1,1.0
101,102,161.0,164.0,donker-bruin-grijs,klei,---,---,---,---,38,matig siltig,62,---,0,---,0,sterk humeus,19,kalkloos,-17,167401,366400,A,102,k,1,1.0
102,102,161.0,164.0,donker-bruin-grijs,klei,---,---,---,---,38,matig siltig,62,---,0,---,0,sterk humeus,19,kalkloos,-18,167401,366400,A,102,k,1,1.0
103,103,164.0,165.0,donker-bruin-grijs,klei,---,---,---,---,36,matig siltig,59,---,5,---,0,sterk humeus,19,kalkloos,-19,167401,366400,A,103,k,1,1.0
104,104,165.0,166.0,donker-bruin,bruinkool,---,---,---,mineraalarm,1,---,5,---,2,---,0,---,92,kalkloos,-20,167401,366400,A,104,v,1,1.0
105,105,166.0,167.0,grijs,klei,---,---,---,---,35,sterk siltig,55,---,10,---,0,sterk humeus,12,kalkloos,-21,167401,366400,A,105,kz,1,1.0
106,106,167.0,168.0,donker-grijs,klei,4,---,---,---,25,uiterst siltig,60,---,15,---,0,zwak humeus,2,kalkloos,-22,167401,366400,A,106,kz,1,1.0
107,107,168.0,169.0,licht-bruin,zand,---,300,zeer grof,---,0,zwak siltig,2,---,98,---,0,---,0,kalkloos,-23,167401,366400,A,107,zg,0,0.0
108,108,169.0,171.0,bruin,zand,---,300,zeer grof,---,0,zwak siltig,2,---,98,---,0,matig humeus,3,kalkloos,-24,167401,366400,A,108,zg,0,0.0
109,108,169.0,171.0,bruin,zand,---,300,zeer grof,---,0,zwak siltig,2,---,98,---,0,matig humeus,3,kalkloos,-25,167401,366400,A,108,zg,0,0.0
110,109,171.0,172.0,donker-bruin,veen,---,---,---,mineraalarm,5,---,25,---,25,---,0,---,45,kalkloos,-26,167401,366400,A,109,v,1,1.0
111,110,172.0,173.0,licht-geel-bruin,zand,---,220,matig grof,---,0,zwak siltig,2,---,98,---,0,matig humeus,3,kalkloos,-27,167401,366400,A,110,zm,0,0.0
112,96,151.0,152.0,licht-grijs,zand,---,180,matig fijn,---,0,zwak siltig,1,---,99,---,0,zwak humeus,1,kalkloos,0,168747,366806,A,96,zf,0,0.0
113,97,152.0,155.0,licht-grijs,zand,---,180,matig fijn,---,0,zwak siltig,1,---,99,---,0,zwak humeus,1,kalkloos,-1,168747,366806,A,97,zf,0,0.0
114,97,152.0,155.0,licht-grijs,zand,---,180,matig fijn,---,0,zwak siltig,1,---,99,---,0,zwak humeus,1,kalkloos,-2,168747,366806,A,97,zf,0,0.0
115,97,152.0,155.0,licht-grijs,zand,---,180,matig fijn,---,0,zwak siltig,1,---,99,---,0,zwak humeus,1,kalkloos,-3,168747,366806,A,97,zf,0,0.0
116,98,155.0,156.0,donker-grijs-bruin,klei,---,---,---,---,36,matig siltig,64,---,0,---,0,matig humeus,6,kalkloos,-4,168747,366806,A,98,k,1,1.0
117,99,156.0,157.0,donker-grijs-bruin,klei,---,---,---,---,36,matig siltig,64,---,0,---,0,sterk humeus,12,kalkloos,-5,168747,366806,A,99,k,1,1.0
118,100,157.0,160.0,licht-bruin-grijs,klei,---,---,---,---,36,matig siltig,64,---,0,---,0,matig humeus,6,kalkloos,-6,168747,366806,A,100,k,1,1.0
119,100,157.0,160.0,licht-bruin-grijs,klei,---,---,---,---,36,matig siltig,64,---,0,---,0,matig humeus,6,kalkloos,-7,168747,366806,A,100,k,1,1.0
120,100,157.0,160.0,licht-bruin-grijs,klei,---,---,---,---,36,matig siltig,64,---,0,---,0,matig humeus,6,kalkloos,-8,168747,366806,A,100,k,1,1.0
121,101,160.0,162.0,licht-bruin-grijs,klei,---,---,---,---,30,sterk siltig,45,---,25,---,0,sterk humeus,14,kalkloos,-9,168747,366806,A,101,kz,1,1.0
122,101,160.0,162.0,licht-bruin-grijs,klei,---,---,---,---,30,sterk siltig,45,---,25,---,0,sterk humeus,14,kalkloos,-10,168747,366806,A,101,kz,1,1.0
123,102,162.0,165.0,donker-grijs-bruin,klei,---,---,---,---,36,matig siltig,64,---,0,---,0,matig humeus,6,kalkloos,-11,168747,366806,A,102,k,1,1.0
124,102,162.0,165.0,donker-grijs-bruin,klei,---,---,---,---,36,matig siltig,64,---,0,---,0,matig humeus,6,kalkloos,-12,168747,366806,A,102,k,1,1.0
125,102,162.0,165.0,donker-grijs-bruin,klei,---,---,---,---,36,matig siltig,64,---,0,---,0,matig humeus,6,kalkloos,-13,168747,366806,A,102,k,1,1.0
126,103,165.0,166.0,donker-bruin,veen,---,---,---,mineraalarm,0,---,2,---,0,---,0,---,98,kalkloos,-14,168747,366806,A,103,v,1,1.0
127,104,166.0,167.0,licht-bruin-grijs,klei,---,---,---,---,36,matig siltig,64,---,0,---,0,zwak humeus,2,kalkloos,-15,168747,366806,A,104,k,1,1.0
128,105,167.0,168.0,donker-bruin,bruinkool,---,---,---,mineraalarm,0,---,1,---,0,---,0,---,99,kalkloos,-16,168747,366806,A,105,v,1,1.0
129,106,168.0,173.0,licht-bruin-grijs,klei,---,---,---,---,36,matig siltig,64,---,0,---,0,matig humeus,6,kalkloos,-17,168747,366806,A,106,k,1,1.0
130,106,168.0,173.0,licht-bruin-grijs,klei,---,---,---,---,36,matig siltig,64,---,0,---,0,matig humeus,6,kalkloos,-18,168747,366806,A,106,k,1,1.0
131,106,168.0,173.0,licht-bruin-grijs,klei,---,---,---,---,36,matig siltig,64,---,0,---,0,matig humeus,6,kalkloos,-19,168747,366806,A,106,k,1,1.0
132,106,168.0,173.0,licht-bruin-grijs,klei,---,---,---,---,36,matig siltig,64,---,0,---,0,matig humeus,6,kalkloos,-20,168747,366806,A,106,k,1,1.0
133,106,168.0,173.0,licht-bruin-grijs,klei,---,---,---,---,36,matig siltig,64,---,0,---,0,matig humeus,6,kalkloos,-21,168747,366806,A,106,k,1,1.0
134,107,173.0,174.0,licht-bruin-grijs,klei,---,---,---,---,36,matig siltig,64,---,0,---,0,matig humeus,6,kalkloos,-22,168747,366806,A,107,k,1,1.0
135,108,174.0,175.0,wit,zand,---,400,zeer grof,---,0,zwak siltig,1,---,99,---,0,---,0,kalkloos,-23,168747,366806,A,108,zg,0,0.0
136,109,175.0,178.0,wit,zand,---,400,zeer grof,---,0,zwak siltig,1,---,99,---,0,---,0,kalkloos,-24,168747,366806,A,109,zg,0,0.0
137,109,175.0,178.0,wit,zand,---,400,zeer grof,---,0,zwak siltig,1,---,99,---,0,---,0,kalkloos,-25,168747,366806,A,109,zg,0,0.0
138,109,175.0,178.0,wit,zand,---,400,zeer grof,---,0,zwak siltig,1,---,99,---,0,---,0,kalkloos,-26,168747,366806,A,109,zg,0,0.0
139,111,178.0,179.0,licht-bruin,klei,---,---,---,---,36,matig siltig,64,---,0,---,0,zwak humeus,1,kalkloos,-27,168747,366806,A,111,k,1,1.0
140,74,149.0,158.0,bruin,zand,---,170,matig fijn,---,0,zwak siltig,5,---,95,---,0,matig humeus,5,kalkloos,0,168782,366718,A,74,zf,0,0.0
141,74,149.0,158.0,bruin,zand,---,170,matig fijn,---,0,zwak siltig,5,---,95,---,0,matig humeus,5,kalkloos,-1,168782,366718,A,74,zf,0,0.0
142,74,149.0,158.0,bruin,zand,---,170,matig fijn,---,0,zwak siltig,5,---,95,---,0,matig humeus,5,kalkloos,-2,168782,366718,A,74,zf,0,0.0
143,74,149.0,158.0,bruin,zand,---,170,matig fijn,---,0,zwak siltig,5,---,95,---,0,matig humeus,5,kalkloos,-3,168782,366718,A,74,zf,0,0.0
144,74,149.0,158.0,bruin,zand,---,170,matig fijn,---,0,zwak siltig,5,---,95,---,0,matig humeus,5,kalkloos,-4,168782,366718,A,74,zf,0,0.0
145,74,149.0,158.0,bruin,zand,---,170,matig fijn,---,0,zwak siltig,5,---,95,---,0,matig humeus,5,kalkloos,-5,168782,366718,A,74,zf,0,0.0
146,75,158.0,161.0,licht-olijf-bruin,klei,---,---,---,---,36,matig siltig,64,---,0,---,0,zwak humeus,1,kalkloos,-6,168782,366718,A,75,k,1,1.0
147,75,158.0,161.0,licht-olijf-bruin,klei,---,---,---,---,36,matig siltig,64,---,0,---,0,zwak humeus,1,kalkloos,-7,168782,366718,A,75,k,1,1.0
148,75,158.0,161.0,licht-olijf-bruin,klei,---,---,---,---,36,matig siltig,64,---,0,---,0,zwak humeus,1,kalkloos,-8,168782,366718,A,75,k,1,1.0
149,76,161.0,162.0,grijs,klei,---,---,---,---,34,sterk siltig,66,---,0,---,0,zwak humeus,1,kalkloos,-9,168782,366718,A,76,kz,1,1.0
150,77,162.0,165.0,donker-bruin-grijs,klei,---,---,---,---,34,sterk siltig,66,---,0,---,0,matig humeus,10,kalkloos,-10,168782,366718,A,77,kz,1,1.0
151,77,162.0,165.0,donker-bruin-grijs,klei,---,---,---,---,34,sterk siltig,66,---,0,---,0,matig humeus,10,kalkloos,-11,168782,366718,A,77,kz,1,1.0
152,77,162.0,165.0,donker-bruin-grijs,klei,---,---,---,---,34,sterk siltig,66,---,0,---,0,matig humeus,10,kalkloos,-12,168782,366718,A,77,kz,1,1.0
153,78,165.0,166.0,donker-grijs,klei,---,---,---,---,35,sterk siltig,65,---,0,---,0,zwak humeus,1,kalkloos,-13,168782,366718,A,78,kz,1,1.0
154,79,166.0,168.0,donker-bruin-grijs,klei,2,---,---,---,35,sterk siltig,65,---,0,---,0,matig humeus,6,kalkloos,-14,168782,366718,A,79,kz,1,1.0
155,79,166.0,168.0,donker-bruin-grijs,klei,2,---,---,---,35,sterk siltig,65,---,0,---,0,matig humeus,6,kalkloos,-15,168782,366718,A,79,kz,1,1.0
156,80,168.0,169.0,donker-grijs,klei,---,---,---,---,35,sterk siltig,65,---,0,---,0,zwak humeus,1,kalkloos,-16,168782,366718,A,80,kz,1,1.0
157,81,169.0,170.0,licht-bruin-grijs,klei,---,---,---,---,37,matig siltig,63,---,0,---,0,zwak humeus,1,kalkloos,-17,168782,366718,A,81,k,1,1.0
158,82,170.0,171.0,licht-bruin-grijs,klei,---,---,---,---,37,matig siltig,63,---,0,---,0,zwak humeus,1,kalkloos,-18,168782,366718,A,82,k,1,1.0
159,83,171.0,172.0,donker-bruin,veen,---,---,---,mineraalarm,0,---,0,---,0,---,0,---,100,kalkloos,-19,168782,366718,A,83,v,1,1.0
160,84,172.0,176.0,donker-grijs-bruin,klei,---,---,---,---,36,matig siltig,64,---,0,---,0,matig humeus,5,kalkloos,-20,168782,366718,A,84,k,1,1.0
161,84,172.0,176.0,donker-grijs-bruin,klei,---,---,---,---,36,matig siltig,64,---,0,---,0,matig humeus,5,kalkloos,-21,168782,366718,A,84,k,1,1.0
162,84,172.0,176.0,donker-grijs-bruin,klei,---,---,---,---,36,matig siltig,64,---,0,---,0,matig humeus,5,kalkloos,-22,168782,366718,A,84,k,1,1.0
163,84,172.0,176.0,donker-grijs-bruin,klei,---,---,---,---,36,matig siltig,64,---,0,---,0,matig humeus,5,kalkloos,-23,168782,366718,A,84,k,1,1.0
164,85,176.0,177.0,bruin,zand,---,180,matig fijn,---,0,zwak siltig,1,---,99,---,0,zwak humeus,1,kalkloos,-24,168782,366718,A,85,zf,0,0.0
165,86,177.0,179.0,bruin,zand,---,250,matig grof,---,0,zwak siltig,1,---,99,---,0,zwak humeus,1,kalkloos,-25,168782,366718,A,86,zm,0,0.0
166,86,177.0,179.0,bruin,zand,---,250,matig grof,---,0,zwak siltig,1,---,99,---,0,zwak humeus,1,kalkloos,-26,168782,366718,A,86,zm,0,0.0
167,87,179.0,180.0,donker-grijs-bruin,klei,---,---,---,---,35,sterk siltig,65,---,0,---,0,matig humeus,5,kalkloos,-27,168782,366718,A,87,kz,1,1.0
168,94,155.0,158.0,bruin,zand,---,220,matig grof,---,0,zwak siltig,2,---,98,---,0,matig humeus,5,kalkloos,0,168776,366623,A,94,zm,0,0.0
169,94,155.0,158.0,bruin,zand,---,220,matig grof,---,0,zwak siltig,2,---,98,---,0,matig humeus,5,kalkloos,-1,168776,366623,A,94,zm,0,0.0
170,94,155.0,158.0,bruin,zand,---,220,matig grof,---,0,zwak siltig,2,---,98,---,0,matig humeus,5,kalkloos,-2,168776,366623,A,94,zm,0,0.0
171,95,158.0,159.0,donker-grijs-bruin,klei,---,---,---,---,38,matig siltig,62,---,0,---,0,sterk humeus,12,kalkloos,-3,168776,366623,A,95,k,1,1.0
172,96,159.0,160.0,donker-grijs-bruin,klei,---,---,---,---,38,matig siltig,62,---,0,---,0,sterk humeus,12,kalkloos,-4,168776,366623,A,96,k,1,1.0
173,97,160.0,161.0,grijs,klei,---,---,---,---,40,matig siltig,60,---,0,---,0,---,0,kalkloos,-5,168776,366623,A,97,k,1,1.0
174,98,161.0,162.0,donker-grijs-bruin,klei,---,---,---,---,38,matig siltig,62,---,0,---,0,sterk humeus,12,kalkloos,-6,168776,366623,A,98,k,1,1.0
175,99,162.0,163.0,donker-grijs-bruin,klei,---,---,---,---,38,matig siltig,62,---,0,---,0,sterk humeus,12,kalkloos,-7,168776,366623,A,99,k,1,1.0
176,100,163.0,164.0,donker-grijs-bruin,klei,3,---,---,---,38,matig siltig,62,---,0,---,0,sterk humeus,12,kalkloos,-8,168776,366623,A,100,k,1,1.0
177,101,164.0,167.0,grijs,klei,---,---,---,---,40,matig siltig,60,---,0,---,0,---,0,kalkloos,-9,168776,366623,A,101,k,1,1.0
178,101,164.0,167.0,grijs,klei,---,---,---,---,40,matig siltig,60,---,0,---,0,---,0,kalkloos,-10,168776,366623,A,101,k,1,1.0
179,101,164.0,167.0,grijs,klei,---,---,---,---,40,matig siltig,60,---,0,---,0,---,0,kalkloos,-11,168776,366623,A,101,k,1,1.0
180,102,167.0,169.0,grijs,klei,---,---,---,---,36,matig siltig,64,---,0,---,0,zwak humeus,2,kalkloos,-12,168776,366623,A,102,k,1,1.0
181,102,167.0,169.0,grijs,klei,---,---,---,---,36,matig siltig,64,---,0,---,0,zwak humeus,2,kalkloos,-13,168776,366623,A,102,k,1,1.0
182,103,169.0,172.0,bruin,klei,---,---,---,---,38,matig siltig,62,---,0,---,0,matig humeus,5,kalkloos,-14,168776,366623,A,103,k,1,1.0
183,103,169.0,172.0,bruin,klei,---,---,---,---,38,matig siltig,62,---,0,---,0,matig humeus,5,kalkloos,-15,168776,366623,A,103,k,1,1.0
184,103,169.0,172.0,bruin,klei,---,---,---,---,38,matig siltig,62,---,0,---,0,matig humeus,5,kalkloos,-16,168776,366623,A,103,k,1,1.0
185,104,172.0,173.0,licht-bruin-grijs,klei,---,---,---,---,38,matig siltig,62,---,0,---,0,zwak humeus,3,kalkloos,-17,168776,366623,A,104,k,1,1.0
186,105,173.0,174.0,donker-grijs-bruin,klei,4,---,---,---,38,matig siltig,62,---,0,---,0,zwak humeus,3,kalkloos,-18,168776,366623,A,105,k,1,1.0
187,106,174.0,175.0,donker-bruin-grijs,klei,---,---,---,---,38,matig siltig,62,---,0,---,0,zwak humeus,3,kalkloos,-19,168776,366623,A,106,k,1,1.0
188,107,175.0,177.0,donker-grijs-bruin,zand,---,350,zeer grof,---,0,zwak siltig,1,---,99,---,0,matig humeus,5,kalkloos,-20,168776,366623,A,107,zg,0,0.0
189,107,175.0,177.0,donker-grijs-bruin,zand,---,350,zeer grof,---,0,zwak siltig,1,---,99,---,0,matig humeus,5,kalkloos,-21,168776,366623,A,107,zg,0,0.0
190,108,177.0,181.0,donker-grijs-bruin,zand,---,250,matig grof,---,0,zwak siltig,1,---,99,---,0,matig humeus,5,kalkloos,-22,168776,366623,A,108,zm,0,0.0
191,108,177.0,181.0,donker-grijs-bruin,zand,---,250,matig grof,---,0,zwak siltig,1,---,99,---,0,matig humeus,5,kalkloos,-23,168776,366623,A,108,zm,0,0.0
192,108,177.0,181.0,donker-grijs-bruin,zand,---,250,matig grof,---,0,zwak siltig,1,---,99,---,0,matig humeus,5,kalkloos,-24,168776,366623,A,108,zm,0,0.0
193,108,177.0,181.0,donker-grijs-bruin,zand,---,250,matig grof,---,0,zwak siltig,1,---,99,---,0,matig humeus,5,kalkloos,-25,168776,366623,A,108,zm,0,0.0
194,109,181.0,184.0,donker-grijs-bruin,zand,---,280,matig grof,---,0,zwak siltig,1,---,99,---,0,zwak humeus,2,kalkloos,-26,168776,366623,A,109,zm,0,0.0
195,109,181.0,184.0,donker-grijs-bruin,zand,---,280,matig grof,---,0,zwak siltig,1,---,99,---,0,zwak humeus,2,kalkloos,-27,168776,366623,A,109,zm,0,0.0
196,99,154.0,155.0,licht-geel-bruin,zand,---,350,zeer grof,---,0,zwak siltig,1,---,99,---,0,zwak humeus,2,kalkloos,0,168884,366646,A,99,zg,0,0.0
197,100,155.0,156.0,donker-bruin-grijs,zand,---,500,uiterst grof,---,0,zwak siltig,1,---,99,---,0,matig humeus,8,kalkloos,-1,168884,366646,A,100,zg,0,0.0
198,101,156.0,158.0,donker-grijs,klei,---,---,---,---,36,matig siltig,64,---,0,---,0,matig humeus,5,kalkloos,-2,168884,366646,A,101,k,1,1.0
199,101,156.0,158.0,donker-grijs,klei,---,---,---,---,36,matig siltig,64,---,0,---,0,matig humeus,5,kalkloos,-3,168884,366646,A,101,k,1,1.0
200,102,158.0,160.0,geel-bruin,zand,---,290,matig grof,---,0,zwak siltig,1,---,99,zwak grindig,1,matig humeus,5,kalkloos,-4,168884,366646,A,102,zm,0,0.0
201,102,158.0,160.0,geel-bruin,zand,---,290,matig grof,---,0,zwak siltig,1,---,99,zwak grindig,1,matig humeus,5,kalkloos,-5,168884,366646,A,102,zm,0,0.0
202,104,160.0,162.0,donker-bruin-grijs,klei,---,---,---,---,37,matig siltig,63,---,0,---,0,matig humeus,5,kalkloos,-6,168884,366646,A,104,k,1,1.0
203,104,160.0,162.0,donker-bruin-grijs,klei,---,---,---,---,37,matig siltig,63,---,0,---,0,matig humeus,5,kalkloos,-7,168884,366646,A,104,k,1,1.0
204,105,162.0,164.0,donker-bruin-bruin,klei,---,---,---,---,37,matig siltig,63,---,0,---,0,sterk humeus,12,kalkloos,-8,168884,366646,A,105,k,1,1.0
205,105,162.0,164.0,donker-bruin-bruin,klei,---,---,---,---,37,matig siltig,63,---,0,---,0,sterk humeus,12,kalkloos,-9,168884,366646,A,105,k,1,1.0
206,106,164.0,165.0,donker-bruin-bruin,klei,---,---,---,---,35,sterk siltig,55,---,10,---,0,sterk humeus,12,kalkloos,-10,168884,366646,A,106,kz,1,1.0
207,107,165.0,166.0,bruin,leem,---,---,---,---,8,---,72,sterk zandig,20,---,0,matig humeus,8,kalkloos,-11,168884,366646,A,107,kz,1,1.0
208,109,166.0,169.0,licht-bruin-grijs,klei,---,---,---,---,37,matig siltig,63,---,0,---,0,---,0,kalkloos,-12,168884,366646,A,109,k,1,1.0
209,109,166.0,169.0,licht-bruin-grijs,klei,---,---,---,---,37,matig siltig,63,---,0,---,0,---,0,kalkloos,-13,168884,366646,A,109,k,1,1.0
210,109,166.0,169.0,licht-bruin-grijs,klei,---,---,---,---,37,matig siltig,63,---,0,---,0,---,0,kalkloos,-14,168884,366646,A,109,k,1,1.0
211,110,169.0,170.0,licht-bruin-grijs,klei,---,---,---,---,37,matig siltig,63,---,0,---,0,matig humeus,10,kalkloos,-15,168884,366646,A,110,k,1,1.0
212,111,170.0,172.0,licht-bruin-grijs,klei,---,---,---,---,37,matig siltig,63,---,0,---,0,---,0,kalkloos,-16,168884,366646,A,111,k,1,1.0
213,111,170.0,172.0,licht-bruin-grijs,klei,---,---,---,---,37,matig siltig,63,---,0,---,0,---,0,kalkloos,-17,168884,366646,A,111,k,1,1.0
214,112,172.0,173.0,donker-bruin,veen,---,---,---,mineraalarm,0,---,0,---,0,---,0,---,100,kalkloos,-18,168884,366646,A,112,v,1,1.0
215,113,173.0,175.0,licht-bruin-grijs,klei,---,---,---,---,37,matig siltig,63,---,0,---,0,matig humeus,10,kalkloos,-19,168884,366646,A,113,k,1,1.0
216,113,173.0,175.0,licht-bruin-grijs,klei,---,---,---,---,37,matig siltig,63,---,0,---,0,matig humeus,10,kalkloos,-20,168884,366646,A,113,k,1,1.0
217,114,175.0,176.0,licht-bruin-grijs,klei,---,---,---,---,37,matig siltig,63,---,0,---,0,---,0,kalkloos,-21,168884,366646,A,114,k,1,1.0
218,115,176.0,177.0,licht-bruin-grijs,klei,---,---,---,---,37,matig siltig,63,---,0,---,0,sterk humeus,12,kalkloos,-22,168884,366646,A,115,k,1,1.0
219,116,177.0,178.0,licht-bruin-grijs,klei,---,---,---,---,37,matig siltig,63,---,0,---,0,sterk humeus,12,kalkloos,-23,168884,366646,A,116,k,1,1.0
220,117,178.0,179.0,bruin,leem,---,---,---,---,15,---,65,sterk zandig,20,---,0,sterk humeus,12,kalkloos,-24,168884,366646,A,117,kz,1,1.0
221,118,179.0,188.0,donker-bruin-grijs,klei,---,---,---,---,35,sterk siltig,65,---,0,---,0,sterk humeus,12,kalkloos,-25,168884,366646,A,118,kz,1,1.0
222,118,179.0,188.0,donker-bruin-grijs,klei,---,---,---,---,35,sterk siltig,65,---,0,---,0,sterk humeus,12,kalkloos,-26,168884,366646,A,118,kz,1,1.0
223,118,179.0,188.0,donker-bruin-grijs,klei,---,---,---,---,35,sterk siltig,65,---,0,---,0,sterk humeus,12,kalkloos,-27,168884,366646,A,118,kz,1,1.0
224,101,151.0,154.0,bruin,zand,---,130,zeer fijn,---,0,zwak siltig,2,---,98,---,0,zwak humeus,2,kalkloos,0,168975,366693,A,101,zf,0,0.0
225,102,154.0,158.0,bruin,zand,---,130,zeer fijn,---,0,zwak siltig,2,---,98,---,0,zwak humeus,2,kalkloos,-1,168975,366693,A,102,zf,0,0.0
226,102,154.0,158.0,bruin,zand,---,130,zeer fijn,---,0,zwak siltig,2,---,98,---,0,zwak humeus,2,kalkloos,-2,168975,366693,A,102,zf,0,0.0
227,102,154.0,158.0,bruin,zand,---,130,zeer fijn,---,0,zwak siltig,2,---,98,---,0,zwak humeus,2,kalkloos,-3,168975,366693,A,102,zf,0,0.0
228,102,154.0,158.0,bruin,zand,---,130,zeer fijn,---,0,zwak siltig,2,---,98,---,0,zwak humeus,2,kalkloos,-4,168975,366693,A,102,zf,0,0.0
229,103,158.0,160.0,bruin,zand,---,210,matig grof,---,0,zwak siltig,2,---,98,---,0,zwak humeus,2,kalkloos,-5,168975,366693,A,103,zm,0,0.0
230,103,158.0,160.0,bruin,zand,---,210,matig grof,---,0,zwak siltig,2,---,98,---,0,zwak humeus,2,kalkloos,-6,168975,366693,A,103,zm,0,0.0
231,104,160.0,162.0,donker-grijs-bruin,klei,---,---,---,---,30,sterk siltig,55,---,15,---,0,matig humeus,8,kalkloos,-7,168975,366693,A,104,kz,1,1.0
232,104,160.0,162.0,donker-grijs-bruin,klei,---,---,---,---,30,sterk siltig,55,---,15,---,0,matig humeus,8,kalkloos,-8,168975,366693,A,104,kz,1,1.0
233,106,162.0,163.0,donker-bruin,bruinkool,---,---,---,mineraalarm,0,---,0,---,0,---,0,---,100,kalkloos,-9,168975,366693,A,106,v,1,1.0
234,107,163.0,168.0,donker-grijs,klei,---,---,---,---,38,matig siltig,62,---,0,---,0,matig humeus,8,kalkloos,-10,168975,366693,A,107,k,1,1.0
235,107,163.0,168.0,donker-grijs,klei,---,---,---,---,38,matig siltig,62,---,0,---,0,matig humeus,8,kalkloos,-11,168975,366693,A,107,k,1,1.0
236,107,163.0,168.0,donker-grijs,klei,---,---,---,---,38,matig siltig,62,---,0,---,0,matig humeus,8,kalkloos,-12,168975,366693,A,107,k,1,1.0
237,107,163.0,168.0,donker-grijs,klei,---,---,---,---,38,matig siltig,62,---,0,---,0,matig humeus,8,kalkloos,-13,168975,366693,A,107,k,1,1.0
238,107,163.0,168.0,donker-grijs,klei,---,---,---,---,38,matig siltig,62,---,0,---,0,matig humeus,8,kalkloos,-14,168975,366693,A,107,k,1,1.0
239,108,168.0,169.0,licht-bruin,klei,---,---,---,---,37,matig siltig,63,---,0,---,0,zwak humeus,1,kalkloos,-15,168975,366693,A,108,k,1,1.0
240,109,169.0,171.0,licht-bruin,klei,---,---,---,---,37,matig siltig,63,---,0,---,0,zwak humeus,1,kalkloos,-16,168975,366693,A,109,k,1,1.0
241,109,169.0,171.0,licht-bruin,klei,---,---,---,---,37,matig siltig,63,---,0,---,0,zwak humeus,1,kalkloos,-17,168975,366693,A,109,k,1,1.0
242,110,171.0,172.0,donker-bruin,klei,---,---,---,---,37,matig siltig,63,---,0,---,0,zwak humeus,1,kalkloos,-18,168975,366693,A,110,k,1,1.0
243,111,172.0,174.0,licht-bruin,klei,---,---,---,---,37,matig siltig,63,---,0,---,0,zwak humeus,1,kalkloos,-19,168975,366693,A,111,k,1,1.0
244,111,172.0,174.0,licht-bruin,klei,---,---,---,---,37,matig siltig,63,---,0,---,0,zwak humeus,1,kalkloos,-20,168975,366693,A,111,k,1,1.0
245,112,174.0,175.0,donker-bruin,bruinkool,---,---,---,mineraalarm,0,---,0,---,0,---,0,---,100,kalkloos,-21,168975,366693,A,112,v,1,1.0
246,113,175.0,177.0,licht-bruin,klei,---,---,---,---,37,matig siltig,63,---,0,---,0,zwak humeus,1,kalkloos,-22,168975,366693,A,113,k,1,1.0
247,113,175.0,177.0,licht-bruin,klei,---,---,---,---,37,matig siltig,63,---,0,---,0,zwak humeus,1,kalkloos,-23,168975,366693,A,113,k,1,1.0
248,114,177.0,178.0,licht-bruin,klei,---,---,---,---,37,matig siltig,63,---,0,---,0,zwak humeus,1,kalkloos,-24,168975,366693,A,114,k,1,1.0
249,115,178.0,180.0,donker-grijs,klei,---,---,---,---,38,matig siltig,62,---,0,---,0,matig humeus,8,kalkloos,-25,168975,366693,A,115,k,1,1.0
250,115,178.0,180.0,donker-grijs,klei,---,---,---,---,38,matig siltig,62,---,0,---,0,matig humeus,8,kalkloos,-26,168975,366693,A,115,k,1,1.0
251,116,180.0,184.0,donker-grijs,klei,---,---,---,---,39,matig siltig,61,---,0,---,0,matig humeus,10,kalkloos,-27,168975,366693,A,116,k,1,1.0
252,83,152.0,155.0,licht-bruin-grijs,zand,---,210,matig grof,---,0,zwak siltig,2,---,98,---,0,zwak humeus,2,kalkloos,0,169063,366746,A,83,zm,0,0.0
253,83,152.0,155.0,licht-bruin-grijs,zand,---,210,matig grof,---,0,zwak siltig,2,---,98,---,0,zwak humeus,2,kalkloos,-1,169063,366746,A,83,zm,0,0.0
254,83,152.0,155.0,licht-bruin-grijs,zand,---,210,matig grof,---,0,zwak siltig,2,---,98,---,0,zwak humeus,2,kalkloos,-2,169063,366746,A,83,zm,0,0.0
255,84,155.0,156.0,licht-bruin-grijs,zand,---,800,uiterst grof,---,0,zwak siltig,2,---,98,zwak grindig,2,zwak humeus,2,kalkloos,-3,169063,366746,A,84,zg,0,0.0
256,85,156.0,159.0,licht-bruin-grijs,zand,---,210,matig grof,---,0,zwak siltig,2,---,98,---,0,zwak humeus,2,kalkloos,-4,169063,366746,A,85,zm,0,0.0
257,85,156.0,159.0,licht-bruin-grijs,zand,---,210,matig grof,---,0,zwak siltig,2,---,98,---,0,zwak humeus,2,kalkloos,-5,169063,366746,A,85,zm,0,0.0
258,85,156.0,159.0,licht-bruin-grijs,zand,---,210,matig grof,---,0,zwak siltig,2,---,98,---,0,zwak humeus,2,kalkloos,-6,169063,366746,A,85,zm,0,0.0
259,86,159.0,160.0,licht-bruin-grijs,zand,---,210,matig grof,---,0,zwak siltig,2,---,98,---,0,zwak humeus,2,kalkloos,-7,169063,366746,A,86,zm,0,0.0
260,87,160.0,161.0,bruin,zand,---,800,uiterst grof,---,0,zwak siltig,1,---,99,---,0,matig humeus,3,kalkloos,-8,169063,366746,A,87,zg,0,0.0
261,88,161.0,162.0,bruin,zand,---,800,uiterst grof,---,0,zwak siltig,1,---,99,---,0,matig humeus,3,kalkloos,-9,169063,366746,A,88,zg,0,0.0
262,89,162.0,163.0,donker-bruin,veen,---,---,---,mineraalarm,0,---,0,---,0,---,0,---,100,kalkloos,-10,169063,366746,A,89,v,1,1.0
263,90,163.0,166.0,donker-grijs-bruin,klei,---,---,---,---,36,matig siltig,64,---,0,---,0,matig humeus,6,kalkloos,-11,169063,366746,A,90,k,1,1.0
264,90,163.0,166.0,donker-grijs-bruin,klei,---,---,---,---,36,matig siltig,64,---,0,---,0,matig humeus,6,kalkloos,-12,169063,366746,A,90,k,1,1.0
265,90,163.0,166.0,donker-grijs-bruin,klei,---,---,---,---,36,matig siltig,64,---,0,---,0,matig humeus,6,kalkloos,-13,169063,366746,A,90,k,1,1.0
266,91,166.0,168.0,bruin,zand,---,200,matig fijn,---,5,zwak siltig,5,---,90,---,0,sterk humeus,10,kalkloos,-14,169063,366746,A,91,zf,0,0.0
267,91,166.0,168.0,bruin,zand,---,200,matig fijn,---,5,zwak siltig,5,---,90,---,0,sterk humeus,10,kalkloos,-15,169063,366746,A,91,zf,0,0.0
268,92,168.0,170.0,donker-bruin,klei,---,---,---,---,36,matig siltig,64,---,0,---,0,matig humeus,10,kalkloos,-16,169063,366746,A,92,k,1,1.0
269,92,168.0,170.0,donker-bruin,klei,---,---,---,---,36,matig siltig,64,---,0,---,0,matig humeus,10,kalkloos,-17,169063,366746,A,92,k,1,1.0
270,93,170.0,172.0,donker-bruin,klei,---,---,---,---,36,matig siltig,64,---,0,---,0,sterk humeus,12,kalkloos,-18,169063,366746,A,93,k,1,1.0
271,93,170.0,172.0,donker-bruin,klei,---,---,---,---,36,matig siltig,64,---,0,---,0,sterk humeus,12,kalkloos,-19,169063,366746,A,93,k,1,1.0
272,94,172.0,173.0,donker-bruin,klei,---,---,---,---,36,matig siltig,64,---,0,---,0,sterk humeus,12,kalkloos,-20,169063,366746,A,94,k,1,1.0
273,95,173.0,174.0,bruin,klei,---,---,---,---,36,matig siltig,64,---,0,---,0,zwak humeus,3,kalkloos,-21,169063,366746,A,95,k,1,1.0
274,96,174.0,175.0,bruin,klei,---,---,---,---,36,matig siltig,64,---,0,---,0,zwak humeus,3,kalkloos,-22,169063,366746,A,96,k,1,1.0
275,97,175.0,176.0,donker-bruin,veen,---,---,---,mineraalarm,0,---,0,---,0,---,0,---,100,kalkloos,-23,169063,366746,A,97,v,1,1.0
276,98,176.0,178.0,bruin,klei,---,---,---,---,36,matig siltig,64,---,0,---,0,matig humeus,5,kalkloos,-24,169063,366746,A,98,k,1,1.0
277,98,176.0,178.0,bruin,klei,---,---,---,---,36,matig siltig,64,---,0,---,0,matig humeus,5,kalkloos,-25,169063,366746,A,98,k,1,1.0
278,99,178.0,179.0,licht-bruin,klei,---,---,---,---,36,matig siltig,64,---,0,---,0,zwak humeus,1,kalkloos,-26,169063,366746,A,99,k,1,1.0
279,100,179.0,180.0,donker-bruin,veen,---,---,---,mineraalarm,0,---,0,---,0,---,0,---,100,kalkloos,-27,169063,366746,A,100,v,1,1.0
280,67,125.0,128.0,licht-grijs,zand,---,300,zeer grof,---,0,zwak siltig,1,---,99,---,0,---,0,kalkloos,0,169140,366792,A,67,zg,0,0.0
281,68,128.0,129.0,licht-grijs,zand,---,300,zeer grof,---,0,zwak siltig,1,---,99,---,0,---,0,kalkloos,-1,169140,366792,A,68,zg,0,0.0
282,69,129.0,131.0,licht-grijs,zand,---,180,matig fijn,---,0,zwak siltig,3,---,97,---,0,---,0,kalkloos,-2,169140,366792,A,69,zf,0,0.0
283,69,129.0,131.0,licht-grijs,zand,---,180,matig fijn,---,0,zwak siltig,3,---,97,---,0,---,0,kalkloos,-3,169140,366792,A,69,zf,0,0.0
284,70,131.0,133.0,licht-grijs,zand,---,180,matig fijn,---,0,zwak siltig,3,---,97,---,0,---,0,kalkloos,-4,169140,366792,A,70,zf,0,0.0
285,70,131.0,133.0,licht-grijs,zand,---,180,matig fijn,---,0,zwak siltig,3,---,97,---,0,---,0,kalkloos,-5,169140,366792,A,70,zf,0,0.0
286,71,133.0,135.0,licht-grijs,zand,---,180,matig fijn,---,0,zwak siltig,3,---,97,---,0,---,0,kalkloos,-6,169140,366792,A,71,zf,0,0.0
287,71,133.0,135.0,licht-grijs,zand,---,180,matig fijn,---,0,zwak siltig,3,---,97,---,0,---,0,kalkloos,-7,169140,366792,A,71,zf,0,0.0
288,72,135.0,137.0,groen-grijs,klei,---,---,---,---,37,matig siltig,63,---,0,---,0,zwak humeus,1,kalkloos,-8,169140,366792,A,72,k,1,1.0
289,72,135.0,137.0,groen-grijs,klei,---,---,---,---,37,matig siltig,63,---,0,---,0,zwak humeus,1,kalkloos,-9,169140,366792,A,72,k,1,1.0
290,73,137.0,138.0,donker-bruin,bruinkool,---,---,---,mineraalarm,0,---,1,---,0,---,0,---,99,kalkloos,-10,169140,366792,A,73,v,1,1.0
291,74,138.0,139.0,groen-grijs,klei,---,---,---,---,37,matig siltig,63,---,0,---,0,zwak humeus,1,kalkloos,-11,169140,366792,A,74,k,1,1.0
292,75,139.0,145.0,donker-grijs-bruin,klei,---,---,---,---,37,matig siltig,63,---,0,---,0,zwak humeus,1,kalkloos,-12,169140,366792,A,75,k,1,1.0
293,75,139.0,145.0,donker-grijs-bruin,klei,---,---,---,---,37,matig siltig,63,---,0,---,0,zwak humeus,1,kalkloos,-13,169140,366792,A,75,k,1,1.0
294,75,139.0,145.0,donker-grijs-bruin,klei,---,---,---,---,37,matig siltig,63,---,0,---,0,zwak humeus,1,kalkloos,-14,169140,366792,A,75,k,1,1.0
295,75,139.0,145.0,donker-grijs-bruin,klei,---,---,---,---,37,matig siltig,63,---,0,---,0,zwak humeus,1,kalkloos,-15,169140,366792,A,75,k,1,1.0
296,75,139.0,145.0,donker-grijs-bruin,klei,---,---,---,---,37,matig siltig,63,---,0,---,0,zwak humeus,1,kalkloos,-16,169140,366792,A,75,k,1,1.0
297,75,139.0,145.0,donker-grijs-bruin,klei,---,---,---,---,37,matig siltig,63,---,0,---,0,zwak humeus,1,kalkloos,-17,169140,366792,A,75,k,1,1.0
298,76,145.0,146.0,licht-geel-bruin,zand,---,140,zeer fijn,---,0,zwak siltig,3,---,97,---,0,zwak humeus,2,kalkloos,-18,169140,366792,A,76,zf,0,0.0
299,77,146.0,148.0,donker-grijs-bruin,klei,---,---,---,---,37,matig siltig,63,---,0,---,0,zwak humeus,1,kalkloos,-19,169140,366792,A,77,k,1,1.0
300,77,146.0,148.0,donker-grijs-bruin,klei,---,---,---,---,37,matig siltig,63,---,0,---,0,zwak humeus,1,kalkloos,-20,169140,366792,A,77,k,1,1.0
301,78,148.0,149.0,bruin,zand,---,300,zeer grof,---,0,zwak siltig,2,---,98,---,0,zwak humeus,1,kalkloos,-21,169140,366792,A,78,zg,0,0.0
302,79,149.0,152.0,bruin,zand,---,300,zeer grof,---,0,zwak siltig,2,---,98,---,0,matig humeus,3,kalkloos,-22,169140,366792,A,79,zg,0,0.0
303,79,149.0,152.0,bruin,zand,---,300,zeer grof,---,0,zwak siltig,2,---,98,---,0,matig humeus,3,kalkloos,-23,169140,366792,A,79,zg,0,0.0
304,79,149.0,152.0,bruin,zand,---,300,zeer grof,---,0,zwak siltig,2,---,98,---,0,matig humeus,3,kalkloos,-24,169140,366792,A,79,zg,0,0.0
305,80,152.0,153.0,licht-bruin,zand,---,300,zeer grof,---,0,zwak siltig,2,---,98,---,0,zwak humeus,1,kalkloos,-25,169140,366792,A,80,zg,0,0.0
306,81,153.0,155.0,grijs-bruin,zand,---,450,uiterst grof,---,0,zwak siltig,1,---,99,---,0,---,0,kalkloos,-26,169140,366792,A,81,zg,0,0.0
307,81,153.0,155.0,grijs-bruin,zand,---,450,uiterst grof,---,0,zwak siltig,1,---,99,---,0,---,0,kalkloos,-27,169140,366792,A,81,zg,0,0.0
308,80,152.0,158.0,licht-bruin-grijs,zand,---,650,uiterst grof,---,0,zwak siltig,1,---,99,zwak grindig,1,---,0,kalkloos,0,169215,366846,A,80,zg,0,0.0
309,80,152.0,158.0,licht-bruin-grijs,zand,---,650,uiterst grof,---,0,zwak siltig,1,---,99,zwak grindig,1,---,0,kalkloos,-1,169215,366846,A,80,zg,0,0.0
310,80,152.0,158.0,licht-bruin-grijs,zand,---,650,uiterst grof,---,0,zwak siltig,1,---,99,zwak grindig,1,---,0,kalkloos,-2,169215,366846,A,80,zg,0,0.0
311,80,152.0,158.0,licht-bruin-grijs,zand,---,650,uiterst grof,---,0,zwak siltig,1,---,99,zwak grindig,1,---,0,kalkloos,-3,169215,366846,A,80,zg,0,0.0
312,81,158.0,159.0,licht-bruin-grijs,zand,---,650,uiterst grof,---,0,zwak siltig,1,---,99,zwak grindig,1,---,0,kalkloos,-4,169215,366846,A,81,zg,0,0.0
313,82,159.0,160.0,licht-bruin-grijs,zand,---,650,uiterst grof,---,0,zwak siltig,1,---,99,zwak grindig,3,---,0,kalkloos,-5,169215,366846,A,82,zg,0,0.0
314,83,160.0,161.0,wit,grind,---,---,---,---,0,---,0,sterk zandig,40,---,60,---,0,kalkloos,-6,169215,366846,A,83,zg,0,0.0
315,84,161.0,162.0,donker-bruin,bruinkool,---,---,---,mineraalarm,0,---,1,---,0,---,0,---,99,kalkloos,-7,169215,366846,A,84,v,1,1.0
316,85,162.0,168.0,donker-bruin,klei,---,---,---,---,38,matig siltig,62,---,0,---,0,sterk humeus,12,kalkloos,-8,169215,366846,A,85,k,1,1.0
317,85,162.0,168.0,donker-bruin,klei,---,---,---,---,38,matig siltig,62,---,0,---,0,sterk humeus,12,kalkloos,-9,169215,366846,A,85,k,1,1.0
318,85,162.0,168.0,donker-bruin,klei,---,---,---,---,38,matig siltig,62,---,0,---,0,sterk humeus,12,kalkloos,-10,169215,366846,A,85,k,1,1.0
319,85,162.0,168.0,donker-bruin,klei,---,---,---,---,38,matig siltig,62,---,0,---,0,sterk humeus,12,kalkloos,-11,169215,366846,A,85,k,1,1.0
320,85,162.0,168.0,donker-bruin,klei,---,---,---,---,38,matig siltig,62,---,0,---,0,sterk humeus,12,kalkloos,-12,169215,366846,A,85,k,1,1.0
321,85,162.0,168.0,donker-bruin,klei,---,---,---,---,38,matig siltig,62,---,0,---,0,sterk humeus,12,kalkloos,-13,169215,366846,A,85,k,1,1.0
322,86,168.0,170.0,donker-bruin,klei,---,---,---,---,38,matig siltig,62,---,0,---,0,sterk humeus,20,kalkloos,-14,169215,366846,A,86,k,1,1.0
323,86,168.0,170.0,donker-bruin,klei,---,---,---,---,38,matig siltig,62,---,0,---,0,sterk humeus,20,kalkloos,-15,169215,366846,A,86,k,1,1.0
324,87,170.0,173.0,grijs-bruin,klei,---,---,---,---,36,matig siltig,64,---,0,---,0,zwak humeus,1,kalkloos,-16,169215,366846,A,87,k,1,1.0
325,87,170.0,173.0,grijs-bruin,klei,---,---,---,---,36,matig siltig,64,---,0,---,0,zwak humeus,1,kalkloos,-17,169215,366846,A,87,k,1,1.0
326,87,170.0,173.0,grijs-bruin,klei,---,---,---,---,36,matig siltig,64,---,0,---,0,zwak humeus,1,kalkloos,-18,169215,366846,A,87,k,1,1.0
327,88,173.0,174.0,donker-bruin,bruinkool,---,---,---,mineraalarm,0,---,1,---,0,---,0,---,99,kalkloos,-19,169215,366846,A,88,v,1,1.0
328,89,174.0,175.0,donker-bruin,bruinkool,---,---,---,mineraalarm,0,---,1,---,0,---,0,---,99,kalkloos,-20,169215,366846,A,89,v,1,1.0
329,90,175.0,176.0,donker-grijs,klei,---,---,---,---,38,matig siltig,62,---,0,---,0,sterk humeus,20,kalkloos,-21,169215,366846,A,90,k,1,1.0
330,91,176.0,180.0,licht-grijs-bruin,klei,---,---,---,---,36,matig siltig,64,---,0,---,0,zwak humeus,1,kalkloos,-22,169215,366846,A,91,k,1,1.0
331,91,176.0,180.0,licht-grijs-bruin,klei,---,---,---,---,36,matig siltig,64,---,0,---,0,zwak humeus,1,kalkloos,-23,169215,366846,A,91,k,1,1.0
332,91,176.0,180.0,licht-grijs-bruin,klei,---,---,---,---,36,matig siltig,64,---,0,---,0,zwak humeus,1,kalkloos,-24,169215,366846,A,91,k,1,1.0
333,91,176.0,180.0,licht-grijs-bruin,klei,---,---,---,---,36,matig siltig,64,---,0,---,0,zwak humeus,1,kalkloos,-25,169215,366846,A,91,k,1,1.0
334,92,180.0,181.0,donker-bruin,bruinkool,---,---,---,mineraalarm,0,---,1,---,0,---,0,---,99,kalkloos,-26,169215,366846,A,92,v,1,1.0
335,93,181.0,182.0,donker-bruin,bruinkool,---,---,---,mineraalarm,0,---,1,---,0,---,0,---,99,kalkloos,-27,169215,366846,A,93,v,1,1.0
336,4,170.0,215.0,bruin-grijs,zand,---,---,matig grof (O),---,---,---,---,---,---,---,---,---,---,---,0,166340,365090,D,4,zm,0,0.3
337,4,170.0,215.0,bruin-grijs,zand,---,---,matig grof (O),---,---,---,---,---,---,---,---,---,---,---,-1,166340,365090,D,4,zm,0,0.3
338,4,170.0,215.0,bruin-grijs,zand,---,---,matig grof (O),---,---,---,---,---,---,---,---,---,---,---,-2,166340,365090,D,4,zm,0,0.3
339,4,170.0,215.0,bruin-grijs,zand,---,---,matig grof (O),---,---,---,---,---,---,---,---,---,---,---,-3,166340,365090,D,4,zm,0,0.3
340,4,170.0,215.0,bruin-grijs,zand,---,---,matig grof (O),---,---,---,---,---,---,---,---,---,---,---,-4,166340,365090,D,4,zm,0,0.3
341,4,170.0,215.0,bruin-grijs,zand,---,---,matig grof (O),---,---,---,---,---,---,---,---,---,---,---,-5,166340,365090,D,4,zm,0,0.3
342,4,170.0,215.0,bruin-grijs,zand,---,---,matig grof (O),---,---,---,---,---,---,---,---,---,---,---,-6,166340,365090,D,4,zm,0,0.3
343,4,170.0,215.0,bruin-grijs,zand,---,---,matig grof (O),---,---,---,---,---,---,---,---,---,---,---,-7,166340,365090,D,4,zm,0,0.3
344,4,170.0,215.0,bruin-grijs,zand,---,---,matig grof (O),---,---,---,---,---,---,---,---,---,---,---,-8,166340,365090,D,4,zm,0,0.3
345,4,170.0,215.0,bruin-grijs,zand,---,---,matig grof (O),---,---,---,---,---,---,---,---,---,---,---,-9,166340,365090,D,4,zm,0,0.3
346,4,170.0,215.0,bruin-grijs,zand,---,---,matig grof (O),---,---,---,---,---,---,---,---,---,---,---,-10,166340,365090,D,4,zm,0,0.3
347,4,170.0,215.0,bruin-grijs,zand,---,---,matig grof (O),---,---,---,---,---,---,---,---,---,---,---,-11,166340,365090,D,4,zm,0,0.3
348,4,170.0,215.0,bruin-grijs,zand,---,---,matig grof (O),---,---,---,---,---,---,---,---,---,---,---,-12,166340,365090,D,4,zm,0,0.3
349,4,170.0,215.0,bruin-grijs,zand,---,---,matig grof (O),---,---,---,---,---,---,---,---,---,---,---,-13,166340,365090,D,4,zm,0,0.3
350,4,170.0,215.0,bruin-grijs,zand,---,---,matig grof (O),---,---,---,---,---,---,---,---,---,---,---,-14,166340,365090,D,4,zm,0,0.3
351,4,170.0,215.0,bruin-grijs,zand,---,---,matig grof (O),---,---,---,---,---,---,---,---,---,---,---,-15,166340,365090,D,4,zm,0,0.3
352,4,170.0,215.0,bruin-grijs,zand,---,---,matig grof (O),---,---,---,---,---,---,---,---,---,---,---,-16,166340,365090,D,4,zm,0,0.3
353,5,215.0,270.0,licht-grijs,zand,---,---,matig grof (O),---,---,---,---,---,---,---,---,---,---,---,-17,166340,365090,D,5,zm,0,0.3
354,5,215.0,270.0,licht-grijs,zand,---,---,matig grof (O),---,---,---,---,---,---,---,---,---,---,---,-18,166340,365090,D,5,zm,0,0.3
355,5,215.0,270.0,licht-grijs,zand,---,---,matig grof (O),---,---,---,---,---,---,---,---,---,---,---,-19,166340,365090,D,5,zm,0,0.3
356,5,215.0,270.0,licht-grijs,zand,---,---,matig grof (O),---,---,---,---,---,---,---,---,---,---,---,-20,166340,365090,D,5,zm,0,0.3
357,5,215.0,270.0,licht-grijs,zand,---,---,matig grof (O),---,---,---,---,---,---,---,---,---,---,---,-21,166340,365090,D,5,zm,0,0.3
358,5,215.0,270.0,licht-grijs,zand,---,---,matig grof (O),---,---,---,---,---,---,---,---,---,---,---,-22,166340,365090,D,5,zm,0,0.3
359,5,215.0,270.0,licht-grijs,zand,---,---,matig grof (O),---,---,---,---,---,---,---,---,---,---,---,-23,166340,365090,D,5,zm,0,0.3
360,5,215.0,270.0,licht-grijs,zand,---,---,matig grof (O),---,---,---,---,---,---,---,---,---,---,---,-24,166340,365090,D,5,zm,0,0.3
361,5,215.0,270.0,licht-grijs,zand,---,---,matig grof (O),---,---,---,---,---,---,---,---,---,---,---,-25,166340,365090,D,5,zm,0,0.3
362,5,215.0,270.0,licht-grijs,zand,---,---,matig grof (O),---,---,---,---,---,---,---,---,---,---,---,-26,166340,365090,D,5,zm,0,0.3
363,5,215.0,270.0,licht-grijs,zand,---,---,matig grof (O),---,---,---,---,---,---,---,---,---,---,---,-27,166340,365090,D,5,zm,0,0.3
364,43,158.0,160.0,grijs,klei,---,---,---,---,---,---,---,---,---,---,---,---,---,---,0,168790,366540,E,43,k,1,0.6
365,44,160.0,167.0,bruin,klei,---,---,---,---,---,---,---,---,---,---,---,---,---,---,-1,168790,366540,E,44,k,1,0.6
366,44,160.0,167.0,bruin,klei,---,---,---,---,---,---,---,---,---,---,---,---,---,---,-2,168790,366540,E,44,k,1,0.6
367,44,160.0,167.0,bruin,klei,---,---,---,---,---,---,---,---,---,---,---,---,---,---,-3,168790,366540,E,44,k,1,0.6
368,44,160.0,167.0,bruin,klei,---,---,---,---,---,---,---,---,---,---,---,---,---,---,-4,168790,366540,E,44,k,1,0.6
369,44,160.0,167.0,bruin,klei,---,---,---,---,---,---,---,---,---,---,---,---,---,---,-5,168790,366540,E,44,k,1,0.6
370,44,160.0,167.0,bruin,klei,---,---,---,---,---,---,---,---,---,---,---,---,---,---,-6,168790,366540,E,44,k,1,0.6
371,44,160.0,167.0,bruin,klei,---,---,---,---,---,---,---,---,---,---,---,---,---,---,-7,168790,366540,E,44,k,1,0.6
372,45,167.0,168.0,grijs,klei,---,---,---,---,---,---,---,zandig,---,---,---,---,---,---,-8,168790,366540,E,45,kz,1,0.6
373,46,168.0,175.0,grijs,klei,---,---,---,---,---,---,---,---,---,---,---,---,---,---,-9,168790,366540,E,46,k,1,0.6
374,46,168.0,175.0,grijs,klei,---,---,---,---,---,---,---,---,---,---,---,---,---,---,-10,168790,366540,E,46,k,1,0.6
375,46,168.0,175.0,grijs,klei,---,---,---,---,---,---,---,---,---,---,---,---,---,---,-11,168790,366540,E,46,k,1,0.6
376,46,168.0,175.0,grijs,klei,---,---,---,---,---,---,---,---,---,---,---,---,---,---,-12,168790,366540,E,46,k,1,0.6
377,46,168.0,175.0,grijs,klei,---,---,---,---,---,---,---,---,---,---,---,---,---,---,-13,168790,366540,E,46,k,1,0.6
378,46,168.0,175.0,grijs,klei,---,---,---,---,---,---,---,---,---,---,---,---,---,---,-14,168790,366540,E,46,k,1,0.6
379,46,168.0,175.0,grijs,klei,---,---,---,---,---,---,---,---,---,---,---,---,---,---,-15,168790,366540,E,46,k,1,0.6
380,47,175.0,184.0,grijs,klei,---,---,---,---,---,---,---,---,---,---,---,humeus,---,---,-16,168790,366540,E,47,k,1,0.6
381,47,175.0,184.0,grijs,klei,---,---,---,---,---,---,---,---,---,---,---,humeus,---,---,-17,168790,366540,E,47,k,1,0.6
382,47,175.0,184.0,grijs,klei,---,---,---,---,---,---,---,---,---,---,---,humeus,---,---,-18,168790,366540,E,47,k,1,0.6
383,47,175.0,184.0,grijs,klei,---,---,---,---,---,---,---,---,---,---,---,humeus,---,---,-19,168790,366540,E,47,k,1,0.6
384,47,175.0,184.0,grijs,klei,---,---,---,---,---,---,---,---,---,---,---,humeus,---,---,-20,168790,366540,E,47,k,1,0.6
385,47,175.0,184.0,grijs,klei,---,---,---,---,---,---,---,---,---,---,---,humeus,---,---,-21,168790,366540,E,47,k,1,0.6
386,47,175.0,184.0,grijs,klei,---,---,---,---,---,---,---,---,---,---,---,humeus,---,---,-22,168790,366540,E,47,k,1,0.6
387,47,175.0,184.0,grijs,klei,---,---,---,---,---,---,---,---,---,---,---,humeus,---,---,-23,168790,366540,E,47,k,1,0.6
388,47,175.0,184.0,grijs,klei,---,---,---,---,---,---,---,---,---,---,---,humeus,---,---,-24,168790,366540,E,47,k,1,0.6
389,48,184.0,188.0,grijs,klei,---,---,---,---,---,---,---,---,---,---,---,---,---,---,-25,168790,366540,E,48,k,1,0.6
390,48,184.0,188.0,grijs,klei,---,---,---,---,---,---,---,---,---,---,---,---,---,---,-26,168790,366540,E,48,k,1,0.6
391,48,184.0,188.0,grijs,klei,---,---,---,---,---,---,---,---,---,---,---,---,---,---,-27,168790,366540,E,48,k,1,0.6
392,144,151.0,152.0,grijs,zand,---,340,zeer grof (O),---,---,---,---,---,---,---,---,humeus,---,---,0,168710,366900,C,144,zg,0,0.2
393,145,152.0,153.0,grijs,zand,---,350,zeer grof (O),---,---,zwak siltig,---,---,---,---,---,humeus,---,---,-1,168710,366900,C,145,zg,0,0.2
394,146,153.0,154.0,grijs,zand,---,350,zeer grof (O),kleiig ,---,zwak siltig,---,---,---,---,---,---,---,---,-2,168710,366900,C,146,kz,1,0.8
395,147,154.0,155.0,zwart-bruin,klei,---,---,---,---,---,---,---,---,---,---,---,humeus,---,---,-3,168710,366900,C,147,k,1,0.8
396,148,155.0,156.0,bruin-zwart,klei,---,---,---,---,---,---,---,---,---,---,---,humeus,---,---,-4,168710,366900,C,148,k,1,0.8
397,149,156.0,158.0,bruin,klei,---,---,---,---,---,sterk siltig,---,---,---,---,---,---,---,---,-5,168710,366900,C,149,kz,1,0.8
398,149,156.0,158.0,bruin,klei,---,---,---,---,---,sterk siltig,---,---,---,---,---,---,---,---,-6,168710,366900,C,149,kz,1,0.8
399,150,158.0,159.0,bruin-grijs,klei,---,---,---,---,---,---,---,---,---,---,---,---,---,---,-7,168710,366900,C,150,k,1,0.8
400,151,159.0,160.0,donker-bruin-grijs,klei,---,---,---,---,---,---,---,---,---,---,---,---,---,---,-8,168710,366900,C,151,k,1,0.8
401,152,160.0,161.0,donker-bruin,klei,---,---,---,---,---,---,---,---,---,---,---,---,---,---,-9,168710,366900,C,152,k,1,0.8
402,153,161.0,163.0,donker-bruin,klei,---,---,---,---,---,---,---,---,---,---,---,---,---,---,-10,168710,366900,C,153,k,1,0.8
403,153,161.0,163.0,donker-bruin,klei,---,---,---,---,---,---,---,---,---,---,---,---,---,---,-11,168710,366900,C,153,k,1,0.8
404,154,163.0,164.0,donker-bruin,klei,---,---,---,---,---,---,---,---,---,---,---,---,---,---,-12,168710,366900,C,154,k,1,0.8
405,155,164.0,165.0,donker-bruin,klei,---,---,---,---,---,---,---,---,---,---,---,---,---,---,-13,168710,366900,C,155,k,1,0.8
406,156,165.0,166.0,donker-bruin,klei,---,---,---,---,---,---,---,---,---,---,---,---,---,---,-14,168710,366900,C,156,k,1,0.8
407,157,166.0,167.0,bruin,klei,---,---,---,---,---,sterk siltig,---,---,---,---,---,humeus,---,---,-15,168710,366900,C,157,kz,1,0.8
408,158,167.0,168.0,bruin,klei,---,---,---,---,---,sterk siltig,---,---,---,---,---,humeus,---,---,-16,168710,366900,C,158,kz,1,0.8
409,159,168.0,169.0,bruin,klei,---,---,---,---,---,sterk siltig,---,---,---,---,---,humeus,---,---,-17,168710,366900,C,159,kz,1,0.8
410,160,169.0,171.0,donker-bruin,klei,---,---,---,---,---,---,---,---,---,---,---,humeus,---,---,-18,168710,366900,C,160,k,1,0.8
411,160,169.0,171.0,donker-bruin,klei,---,---,---,---,---,---,---,---,---,---,---,humeus,---,---,-19,168710,366900,C,160,k,1,0.8
412,161,171.0,172.0,bruin-grijs,klei,---,---,---,---,---,---,---,---,---,---,---,humeus,---,---,-20,168710,366900,C,161,k,1,0.8
413,162,172.0,173.0,bruin-grijs,zand,---,---,---,---,---,---,---,---,---,---,---,humeus,---,---,-21,168710,366900,C,162,zm,0,0.2
414,163,173.0,175.0,grijs,zand,---,320,zeer grof (O),---,---,---,---,---,---,---,---,zwak humeus,---,---,-22,168710,366900,C,163,zg,0,0.2
415,163,173.0,175.0,grijs,zand,---,320,zeer grof (O),---,---,---,---,---,---,---,---,zwak humeus,---,---,-23,168710,366900,C,163,zg,0,0.2
416,164,175.0,176.0,bruin-grijs,zand,---,230,matig grof (O),---,---,sterk siltig,---,---,---,---,---,---,---,---,-24,168710,366900,C,164,zm,0,0.2
417,165,176.0,177.0,donker-bruin,klei,---,---,---,---,---,---,---,---,---,---,---,---,---,---,-25,168710,366900,C,165,k,1,0.8
418,166,177.0,178.0,donker-grijs,klei,---,---,---,---,---,---,---,---,---,---,---,---,---,---,-26,168710,366900,C,166,k,1,0.8
419,167,178.0,179.0,bruin-grijs,klei,---,---,---,---,---,---,---,---,---,---,---,---,---,---,-27,168710,366900,C,167,k,1,0.8
420,152,151.0,152.0,grijs,zand,---,450,uiterst grof (O),kleiig ,---,---,---,---,---,---,---,---,---,---,0,168868,366751,C,152,kz,1,0.8
421,153,152.0,153.0,grijs,zand,---,450,uiterst grof (O),kleiig ,---,---,---,---,---,---,---,---,---,---,-1,168868,366751,C,153,kz,1,0.8
422,154,153.0,154.0,grijs,klei,---,---,---,---,---,---,---,zandig,---,---,---,---,---,---,-2,168868,366751,C,154,kz,1,0.8
423,156,154.0,155.0,grijs-bruin,klei,---,---,---,---,---,---,---,---,---,---,---,---,---,---,-3,168868,366751,C,156,k,1,0.8
424,157,155.0,156.0,onbekend,klei,---,---,---,---,---,---,---,zandig,---,---,---,---,---,---,-4,168868,366751,C,157,kz,1,0.8
425,158,156.0,157.0,grijs-bruin,klei,---,---,---,---,---,---,---,---,---,---,---,---,---,---,-5,168868,366751,C,158,k,1,0.8
426,159,157.0,158.0,bruin,klei,---,---,---,---,---,---,---,---,---,---,---,sterk humeus,---,---,-6,168868,366751,C,159,k,1,0.8
427,160,158.0,159.0,bruin,klei,---,---,---,---,---,---,---,---,---,---,---,sterk humeus,---,---,-7,168868,366751,C,160,k,1,0.8
428,161,159.0,160.0,bruin-grijs,klei,---,---,---,---,---,---,---,---,---,---,---,matig humeus,---,---,-8,168868,366751,C,161,k,1,0.8
429,162,160.0,161.0,bruin-zwart,klei,---,---,---,---,---,---,---,---,---,---,---,humeus,---,---,-9,168868,366751,C,162,k,1,0.8
430,163,161.0,162.0,bruin-zwart,klei,---,---,---,---,---,---,---,---,---,---,---,humeus,---,---,-10,168868,366751,C,163,k,1,0.8
431,164,162.0,163.0,bruin-grijs,klei,---,---,---,---,---,---,---,---,---,---,---,humeus,---,---,-11,168868,366751,C,164,k,1,0.8
432,165,163.0,164.0,bruin-grijs,klei,---,---,---,---,---,---,---,---,---,---,---,humeus,---,---,-12,168868,366751,C,165,k,1,0.8
433,166,164.0,165.0,donker-bruin-zwart,klei,---,---,---,---,---,---,---,---,---,---,---,humeus,---,---,-13,168868,366751,C,166,k,1,0.8
434,167,165.0,166.0,bruin-zwart,klei,---,---,---,---,---,---,---,---,---,---,---,matig humeus,---,---,-14,168868,366751,C,167,k,1,0.8
435,169,166.0,167.0,licht-bruin-zwart,klei,---,---,---,---,---,---,---,---,---,---,---,humeus,---,---,-15,168868,366751,C,169,k,1,0.8
436,170,167.0,168.0,zwart,klei,---,---,---,---,---,---,---,---,---,---,---,humeus,---,---,-16,168868,366751,C,170,k,1,0.8
437,171,168.0,169.0,licht-bruin-zwart,klei,---,---,---,---,---,---,---,---,---,---,---,humeus,---,---,-17,168868,366751,C,171,k,1,0.8
438,172,169.0,170.0,donker-bruin,klei,---,---,---,---,---,---,---,---,---,---,---,matig humeus,---,---,-18,168868,366751,C,172,k,1,0.8
439,173,170.0,171.0,onbekend,klei,---,---,---,---,---,sterk siltig,---,---,---,---,---,matig humeus,---,---,-19,168868,366751,C,173,kz,1,0.8
440,174,171.0,172.0,bruin,klei,---,---,---,---,---,sterk siltig,---,---,---,---,---,matig humeus,---,---,-20,168868,366751,C,174,kz,1,0.8
441,175,172.0,173.0,donker-bruin,klei,---,---,---,---,---,---,---,---,---,---,---,sterk humeus,---,---,-21,168868,366751,C,175,k,1,0.8
442,176,173.0,174.0,bruin,zand,---,120,zeer fijn (O),---,---,---,---,---,---,---,---,---,---,---,-22,168868,366751,C,176,zf,0,0.2
443,177,174.0,175.0,grijs-bruin,zand,---,140,zeer fijn (O),---,---,---,---,---,---,---,---,---,---,---,-23,168868,366751,C,177,zf,0,0.2
444,178,175.0,176.0,grijs-bruin,zand,---,130,zeer fijn (O),---,---,---,---,---,---,---,---,zwak humeus,---,---,-24,168868,366751,C,178,zf,0,0.2
445,179,176.0,177.0,grijs-bruin,zand,---,140,zeer fijn (O),---,---,---,---,---,---,---,---,zwak humeus,---,---,-25,168868,366751,C,179,zf,0,0.2
446,180,177.0,178.0,grijs-bruin,zand,---,140,zeer fijn (O),kleiig ,---,---,---,---,---,---,---,zwak humeus,---,---,-26,168868,366751,C,180,kz,1,0.8
447,181,178.0,179.0,grijs-bruin,zand,---,120,zeer fijn (O),---,---,---,---,---,---,---,---,zwak humeus,---,---,-27,168868,366751,C,181,zf,0,0.2
448,107,138.0,142.0,donker-grijs,klei,---,---,fijne categorie (O),---,---,---,---,zandig,---,---,---,---,---,---,0,167779,363592,C,107,kz,1,0.8
449,107,138.0,142.0,donker-grijs,klei,---,---,fijne categorie (O),---,---,---,---,zandig,---,---,---,---,---,---,-1,167779,363592,C,107,kz,1,0.8
450,107,138.0,142.0,donker-grijs,klei,---,---,fijne categorie (O),---,---,---,---,zandig,---,---,---,---,---,---,-2,167779,363592,C,107,kz,1,0.8
451,108,142.0,143.0,donker-grijs,klei,---,---,---,---,---,---,---,sterk zandig,---,---,---,---,---,---,-3,167779,363592,C,108,kz,1,0.8
452,109,143.0,144.0,donker-grijs,klei,---,---,---,---,---,zwak siltig,---,---,---,---,---,---,---,---,-4,167779,363592,C,109,k,1,0.8
453,110,144.0,145.0,donker-grijs,klei,---,---,fijne categorie (O),---,---,zwak siltig,---,zandig,---,---,---,---,---,---,-5,167779,363592,C,110,kz,1,0.8
454,111,145.0,146.0,donker-grijs,klei,---,---,---,---,---,---,---,---,---,---,---,---,---,---,-6,167779,363592,C,111,k,1,0.8
455,112,146.0,150.0,donker-grijs,klei,---,---,fijne categorie (O),---,---,---,---,zandig,---,---,---,---,---,---,-7,167779,363592,C,112,kz,1,0.8
456,112,146.0,150.0,donker-grijs,klei,---,---,fijne categorie (O),---,---,---,---,zandig,---,---,---,---,---,---,-8,167779,363592,C,112,kz,1,0.8
457,112,146.0,150.0,donker-grijs,klei,---,---,fijne categorie (O),---,---,---,---,zandig,---,---,---,---,---,---,-9,167779,363592,C,112,kz,1,0.8
458,112,146.0,150.0,donker-grijs,klei,---,---,fijne categorie (O),---,---,---,---,zandig,---,---,---,---,---,---,-10,167779,363592,C,112,kz,1,0.8
459,113,150.0,151.0,donker-grijs,klei,---,---,---,---,---,---,---,zandig,---,---,---,---,---,---,-11,167779,363592,C,113,kz,1,0.8
460,114,151.0,152.0,zwart-bruin,klei,---,---,---,---,---,---,---,---,---,---,---,sterk humeus,---,---,-12,167779,363592,C,114,k,1,0.8
461,115,152.0,155.0,donker-grijs,klei,---,---,---,---,---,---,---,---,---,---,---,---,---,---,-13,167779,363592,C,115,k,1,0.8
462,115,152.0,155.0,donker-grijs,klei,---,---,---,---,---,---,---,---,---,---,---,---,---,---,-14,167779,363592,C,115,k,1,0.8
463,115,152.0,155.0,donker-grijs,klei,---,---,---,---,---,---,---,---,---,---,---,---,---,---,-15,167779,363592,C,115,k,1,0.8
464,116,155.0,156.0,grijs,klei,---,---,---,---,---,zwak siltig,---,---,---,---,---,---,---,---,-16,167779,363592,C,116,k,1,0.8
465,117,156.0,158.0,donker-grijs,klei,---,---,---,---,---,---,---,---,---,---,---,sterk humeus,---,---,-17,167779,363592,C,117,k,1,0.8
466,117,156.0,158.0,donker-grijs,klei,---,---,---,---,---,---,---,---,---,---,---,sterk humeus,---,---,-18,167779,363592,C,117,k,1,0.8
467,118,158.0,159.0,donker-grijs,klei,---,---,---,---,---,---,---,---,---,---,---,sterk humeus,---,---,-19,167779,363592,C,118,k,1,0.8
468,119,159.0,160.0,grijs-bruin,klei,---,---,---,---,---,---,---,---,---,---,---,sterk humeus,---,---,-20,167779,363592,C,119,k,1,0.8
469,120,160.0,161.0,grijs,zand,---,165,matig fijn (O),---,---,sterk siltig,---,---,---,---,---,---,---,---,-21,167779,363592,C,120,zm,0,0.2
470,121,161.0,162.0,onbekend,veen,---,---,---,kleiig ,---,---,---,---,---,---,---,---,---,---,-22,167779,363592,C,121,v,1,0.8
471,122,162.0,163.0,zwart,klei,---,---,---,---,---,zwak siltig,---,---,---,---,---,---,---,---,-23,167779,363592,C,122,k,1,0.8
472,123,163.0,165.0,donker-grijs,klei,---,---,---,---,---,---,---,---,---,---,---,---,---,---,-24,167779,363592,C,123,k,1,0.8
473,123,163.0,165.0,donker-grijs,klei,---,---,---,---,---,---,---,---,---,---,---,---,---,---,-25,167779,363592,C,123,k,1,0.8
474,124,165.0,168.0,grijs,zand,---,230,matig grof (O),---,---,---,---,---,---,---,---,---,---,---,-26,167779,363592,C,124,zm,0,0.2
475,124,165.0,168.0,grijs,zand,---,230,matig grof (O),---,---,---,---,---,---,---,---,---,---,---,-27,167779,363592,C,124,zm,0,0.2
476,26,148.0,158.0,licht-geel-grijs,zand,---,400,matig grof (O),---,---,---,---,---,---,matig grindig,---,---,---,kalkloos,0,169043,366961,C,26,zm,0,0.2
477,26,148.0,158.0,licht-geel-grijs,zand,---,400,matig grof (O),---,---,---,---,---,---,matig grindig,---,---,---,kalkloos,-1,169043,366961,C,26,zm,0,0.2
478,26,148.0,158.0,licht-geel-grijs,zand,---,400,matig grof (O),---,---,---,---,---,---,matig grindig,---,---,---,kalkloos,-2,169043,366961,C,26,zm,0,0.2
479,26,148.0,158.0,licht-geel-grijs,zand,---,400,matig grof (O),---,---,---,---,---,---,matig grindig,---,---,---,kalkloos,-3,169043,366961,C,26,zm,0,0.2
480,26,148.0,158.0,licht-geel-grijs,zand,---,400,matig grof (O),---,---,---,---,---,---,matig grindig,---,---,---,kalkloos,-4,169043,366961,C,26,zm,0,0.2
481,27,158.0,167.0,onbekend,klei,---,---,---,---,---,---,---,---,---,---,---,sterk humeus,---,kalkloos,-5,169043,366961,C,27,k,1,0.8
482,27,158.0,167.0,onbekend,klei,---,---,---,---,---,---,---,---,---,---,---,sterk humeus,---,kalkloos,-6,169043,366961,C,27,k,1,0.8
483,27,158.0,167.0,onbekend,klei,---,---,---,---,---,---,---,---,---,---,---,sterk humeus,---,kalkloos,-7,169043,366961,C,27,k,1,0.8
484,27,158.0,167.0,onbekend,klei,---,---,---,---,---,---,---,---,---,---,---,sterk humeus,---,kalkloos,-8,169043,366961,C,27,k,1,0.8
485,27,158.0,167.0,onbekend,klei,---,---,---,---,---,---,---,---,---,---,---,sterk humeus,---,kalkloos,-9,169043,366961,C,27,k,1,0.8
486,27,158.0,167.0,onbekend,klei,---,---,---,---,---,---,---,---,---,---,---,sterk humeus,---,kalkloos,-10,169043,366961,C,27,k,1,0.8
487,27,158.0,167.0,onbekend,klei,---,---,---,---,---,---,---,---,---,---,---,sterk humeus,---,kalkloos,-11,169043,366961,C,27,k,1,0.8
488,27,158.0,167.0,onbekend,klei,---,---,---,---,---,---,---,---,---,---,---,sterk humeus,---,kalkloos,-12,169043,366961,C,27,k,1,0.8
489,27,158.0,167.0,onbekend,klei,---,---,---,---,---,---,---,---,---,---,---,sterk humeus,---,kalkloos,-13,169043,366961,C,27,k,1,0.8
490,28,167.0,170.0,grijs,zand,---,180,matig fijn (O),---,---,---,---,---,---,---,---,---,---,kalkloos,-14,169043,366961,C,28,zm,0,0.2
491,28,167.0,170.0,grijs,zand,---,180,matig fijn (O),---,---,---,---,---,---,---,---,---,---,kalkloos,-15,169043,366961,C,28,zm,0,0.2
492,28,167.0,170.0,grijs,zand,---,180,matig fijn (O),---,---,---,---,---,---,---,---,---,---,kalkloos,-16,169043,366961,C,28,zm,0,0.2
493,29,170.0,179.0,onbekend,klei,---,---,---,---,---,---,---,---,---,---,---,sterk humeus,---,kalkloos,-17,169043,366961,C,29,k,1,0.8
494,29,170.0,179.0,onbekend,klei,---,---,---,---,---,---,---,---,---,---,---,sterk humeus,---,kalkloos,-18,169043,366961,C,29,k,1,0.8
495,29,170.0,179.0,onbekend,klei,---,---,---,---,---,---,---,---,---,---,---,sterk humeus,---,kalkloos,-19,169043,366961,C,29,k,1,0.8
496,29,170.0,179.0,onbekend,klei,---,---,---,---,---,---,---,---,---,---,---,sterk humeus,---,kalkloos,-20,169043,366961,C,29,k,1,0.8
497,29,170.0,179.0,onbekend,klei,---,---,---,---,---,---,---,---,---,---,---,sterk humeus,---,kalkloos,-21,169043,366961,C,29,k,1,0.8
498,29,170.0,179.0,onbekend,klei,---,---,---,---,---,---,---,---,---,---,---,sterk humeus,---,kalkloos,-22,169043,366961,C,29,k,1,0.8
499,29,170.0,179.0,onbekend,klei,---,---,---,---,---,---,---,---,---,---,---,sterk humeus,---,kalkloos,-23,169043,366961,C,29,k,1,0.8
500,29,170.0,179.0,onbekend,klei,---,---,---,---,---,---,---,---,---,---,---,sterk humeus,---,kalkloos,-24,169043,366961,C,29,k,1,0.8
501,29,170.0,179.0,onbekend,klei,---,---,---,---,---,---,---,---,---,---,---,sterk humeus,---,kalkloos,-25,169043,366961,C,29,k,1,0.8
502,30,179.0,181.0,grijs,zand,---,205,matig grof (O),---,---,---,---,---,---,---,---,---,---,---,-26,169043,366961,C,30,zm,0,0.2
503,30,179.0,181.0,grijs,zand,---,205,matig grof (O),---,---,---,---,---,---,---,---,---,---,---,-27,169043,366961,C,30,zm,0,0.2
504,67,155.0,159.0,donker-grijs,leem,---,---,---,---,---,---,---,sterk zandig,---,---,---,---,---,kalkloos,0,168760,366650,C,67,kz,1,0.8
505,67,155.0,159.0,donker-grijs,leem,---,---,---,---,---,---,---,sterk zandig,---,---,---,---,---,kalkloos,-1,168760,366650,C,67,kz,1,0.8
506,67,155.0,159.0,donker-grijs,leem,---,---,---,---,---,---,---,sterk zandig,---,---,---,---,---,kalkloos,-2,168760,366650,C,67,kz,1,0.8
507,67,155.0,159.0,donker-grijs,leem,---,---,---,---,---,---,---,sterk zandig,---,---,---,---,---,kalkloos,-3,168760,366650,C,67,kz,1,0.8
508,68,159.0,160.0,donker-grijs,zand,---,---,fijne categorie (O),---,---,zwak siltig,---,---,---,---,---,---,---,---,-4,168760,366650,C,68,zf,0,0.2
509,71,160.0,161.0,onbekend,klei,---,---,---,---,---,zwak siltig,---,---,---,---,---,sterk humeus,---,---,-5,168760,366650,C,71,k,1,0.8
510,72,161.0,164.0,licht-bruin-grijs,klei,---,---,---,---,---,zwak siltig,---,---,---,---,---,---,---,kalkloos,-6,168760,366650,C,72,k,1,0.8
511,72,161.0,164.0,licht-bruin-grijs,klei,---,---,---,---,---,zwak siltig,---,---,---,---,---,---,---,kalkloos,-7,168760,366650,C,72,k,1,0.8
512,72,161.0,164.0,licht-bruin-grijs,klei,---,---,---,---,---,zwak siltig,---,---,---,---,---,---,---,kalkloos,-8,168760,366650,C,72,k,1,0.8
