,Flowfrac,Realization
0,0.030467934657752042,Realizations
1,0.030679500165822653,Realizations
2,0.023946669562158213,Realizations
3,0.02139294745766573,Realizations
4,0.013253189716041506,Realizations
5,0.017865617350431743,Realizations
6,0.0013829283289392394,Realizations
7,0.006220404577949352,Realizations
8,0.00811213547634443,Realizations
9,0.011759940804604676,Realizations
10,0.008197546671801594,Realizations
11,0.014111455491875816,Realizations
12,0.01042560111274303,Realizations
13,0.020760454119369335,Realizations
14,0.019729373268431005,Realizations
15,0.018616099350472683,Realizations
16,0.006430022970853808,Realizations
17,0.009072421678661853,Realizations
18,0.017903015021161366,Realizations
19,0.017633104150402427,Realizations
20,0.030996166085332715,Realizations
21,0.004884365346513519,Realizations
22,0.012129160369900081,Realizations
23,0.008348771074795758,Realizations
24,0.012477231991972584,Realizations
25,0.038353744306080004,Realizations
26,0.02450726379875172,Realizations
27,0.02116912286831278,Realizations
28,0.020684961730927903,Realizations
29,0.023405039711205573,Realizations
30,0.005246974108431251,Realizations
31,0.024096651715182688,Realizations
32,0.013416086968976913,Realizations
33,0.0066164965073993165,Realizations
34,0.008547786016434033,Realizations
35,0.030679500165822653,Realizations
36,0.033917870091140986,Realizations
37,0.01534575167092383,Realizations
38,0.023946669562158213,Realizations
39,0.027609262729596903,Realizations
40,0.036553275214037145,Realizations
41,0.05141455763352419,Realizations
42,0.0530402763825186,Realizations
43,0.05228107939872213,Realizations
44,0.007212549263652696,Realizations
45,0.009160092903446371,Realizations
46,0.03131712813139721,Realizations
47,0.017865617350431743,Realizations
48,0.009541306600476914,Realizations
49,0.0013829283289392394,Realizations
50,0.045412304947679234,Realizations
51,0.020529146612672227,Realizations
52,0.03575100708117471,Realizations
53,0.03789233337532842,Realizations
54,0.03523474874691417,Realizations
55,0.01233352224825384,Realizations
56,9.631139514332218e-05,Realizations
57,0.0016065215867602696,Realizations
58,0.025145266954791898,Realizations
59,0.010901079586491239,Realizations
60,0.008738600784096476,Realizations
61,0.028735667263686128,Realizations
62,0.032713499814839966,Realizations
63,0.02077945087939755,Realizations
64,0.020933901312567494,Realizations
65,0.022258927500620296,Realizations
66,0.007923391635664415,Realizations
67,0.010307332283461835,Realizations
68,0.006234094800049637,Realizations
69,0.01834096212627221,Realizations
70,0.00811213547634443,Realizations
71,0.011759940804604676,Realizations
72,0.015938814350687468,Realizations
73,0.013855464625260652,Realizations
74,0.014111455491875816,Realizations
75,0.02282681290666982,Realizations
76,0.01042560111274303,Realizations
77,0.020760454119369335,Realizations
78,0.028038647603783176,Realizations
79,0.024829559730359774,Realizations
80,0.020608827938111685,Realizations
81,0.02735594383994804,Realizations
82,0.021823163420605148,Realizations
83,0.006430022970853808,Realizations
84,0.009072421678661853,Realizations
85,0.04102781276304481,Realizations
86,0.017499162190743236,Realizations
87,0.021398588571569024,Realizations
88,0.028815288580529595,Realizations
89,0.016516023176503858,Realizations
90,0.02553850047636047,Realizations
91,0.02586437581352839,Realizations
92,0.027475507101298625,Realizations
93,0.01472250854038975,Realizations
94,0.01865593881605366,Realizations
95,0.048797012012943515,Realizations
96,0.04436685800641562,Realizations
97,0.017633104150402427,Realizations
98,0.03250044046778603,Realizations
99,0.0024166536349349162,Realizations
100,0.005643925526775055,Realizations
101,0.008278092269672722,Realizations
102,0.009430512816430071,Realizations
103,0.0009422913656841685,Realizations
104,0.028550298611957226,Realizations
105,0.045269780473266776,Realizations
106,0.04107521245886263,Realizations
107,0.030996166085332715,Realizations
108,0.03164512512482781,Realizations
109,0.0420489233242832,Realizations
110,0.010078043658330774,Realizations
111,0.017300415091760092,Realizations
112,0.009215257959424903,Realizations
113,0.0019616770317898422,Realizations
114,0.0036845310755447966,Realizations
115,0.004884365346513519,Realizations
116,0.012129160369900081,Realizations
117,0.02180520227215402,Realizations
118,0.038353744306080004,Realizations
119,0.0013309940589494266,Realizations
120,0.015796016044559883,Realizations
121,0.02419725811560748,Realizations
122,0.0241581273130924,Realizations
123,0.02720802167895024,Realizations
124,0.0264534532521344,Realizations
125,0.026539498905578197,Realizations
126,0.02998007452114632,Realizations
127,0.013416086968976913,Realizations
128,0.017666023102674417,Realizations
129,0.011651654877505453,Realizations
130,0.021831623516247324,Realizations
131,0.01534575167092383,Realizations
132,0.015283965784870538,Realizations
133,0.015441899703400423,Realizations
134,0.036553275214037145,Realizations
135,0.05228107939872213,Realizations
136,0.0361482753599674,Realizations
137,0.017865617350431743,Realizations
138,0.015119906431709823,Realizations
139,0.02862059419902701,Realizations
140,0.03134602510669265,Realizations
141,0.021032059530464452,Realizations
142,0.02923874899805835,Realizations
143,0.03789233337532842,Realizations
144,0.03523474874691417,Realizations
145,0.04117991202893461,Realizations
146,0.025145266954791898,Realizations
147,0.047181393392965454,Realizations
148,0.03805382865871092,Realizations
149,0.016640230155294367,Realizations
150,0.01805780070841043,Realizations
151,0.035132053784812364,Realizations
152,0.04609999524050428,Realizations
153,0.04738682797372539,Realizations
154,0.027372826375973717,Realizations
155,0.015938814350687468,Realizations
156,0.02027193496768347,Realizations
157,0.0004538322747441282,Realizations
158,0.0016857887396859361,Realizations
159,0.03506415379265531,Realizations
160,0.02282681290666982,Realizations
161,0.03081128556907644,Realizations
162,0.029716759386279358,Realizations
163,0.05231717136282346,Realizations
164,0.029264666119253564,Realizations
165,0.04597705191778721,Realizations
166,0.04727581373646573,Realizations
167,0.013891885512477884,Realizations
168,0.020608827938111685,Realizations
169,0.027199078107076505,Realizations
170,0.04102781276304481,Realizations
171,0.028227888674998616,Realizations
172,0.02869739994246967,Realizations
173,0.01472250854038975,Realizations
174,0.04333714614005862,Realizations
175,0.01845702228643789,Realizations
176,0.021359593290661533,Realizations
177,0.03250044046778603,Realizations
178,0.03241539625740569,Realizations
179,0.00843950898137821,Realizations
180,0.008278092269672722,Realizations
181,0.009430512816430071,Realizations
182,0.01183087090068802,Realizations
183,0.006315297600063538,Realizations
184,0.008889850326087226,Realizations
185,0.033423954576507806,Realizations
186,0.04107521245886263,Realizations
187,0.029207062804227572,Realizations
188,0.015058531811049063,Realizations
189,0.0549355036182257,Realizations
190,0.03111087906579607,Realizations
191,0.03517193661749004,Realizations
192,0.0005217790769027893,Realizations
193,0.002880464589961003,Realizations
194,0.0036845310755447966,Realizations
195,0.04311191557256899,Realizations
196,0.03808689770359948,Realizations
197,0.03906562065339397,Realizations
198,0.03908118903235763,Realizations
199,0.03920211965000877,Realizations
200,0.048797012012943515,Realizations
201,0.024096651715182688,Realizations
202,0.02552970161058735,Realizations
203,0.01472370465894803,Realizations
204,0.016521374237384288,Realizations
205,0.034862781555801546,Realizations
206,0.03291440156575675,Realizations
207,0.006220404577949352,Realizations
208,0.006234094800049637,Realizations
209,0.005009345671523093,Realizations
210,0.03137277994725828,Realizations
211,0.01641881264906362,Realizations
212,0.017072335994115534,Realizations
213,0.04299947992995459,Realizations
214,0.04297951513902754,Realizations
215,0.024949399505365406,Realizations
216,0.03908118903235763,Realizations
217,0.03920211965000877,Realizations
218,0.050353774743241396,Realizations
219,0.048797012012943515,Realizations
220,0.03334090369491049,Realizations
221,0.03763297404098493,Realizations
222,0.0024166536349349162,Realizations
223,0.005643925526775055,Realizations
224,0.00843950898137821,Realizations
225,0.004123900565461038,Realizations
226,0.006632098620567334,Realizations
227,0.005359385825140472,Realizations
228,0.0264534532521344,Realizations
229,0.026539498905578197,Realizations
230,0.005246974108431251,Realizations
231,0.024096651715182688,Realizations
232,0.023946669562158213,Realizations
233,0.05141455763352419,Realizations
234,0.0530402763825186,Realizations
235,0.05228107939872213,Realizations
236,0.006182067474462206,Realizations
237,0.008469726407285888,Realizations
238,0.043307409183931694,Realizations
239,0.04025430262313754,Realizations
240,0.04113148069200771,Realizations
241,0.004127611576254001,Realizations
242,0.027376891397667382,Realizations
243,0.015334108793670045,Realizations
244,0.01667646188165781,Realizations
245,0.035132053784812364,Realizations
246,0.020933901312567494,Realizations
247,0.022258927500620296,Realizations
248,0.0447597958352982,Realizations
249,0.039666773345943776,Realizations
250,0.04073786651010486,Realizations
251,0.04858009367766719,Realizations
252,0.051665324002642926,Realizations
253,0.057276167437259294,Realizations
254,0.03302982843324978,Realizations
255,0.03206068844068164,Realizations
256,0.04299947992995459,Realizations
257,0.04297951513902754,Realizations
258,0.021440805952073975,Realizations
259,0.04597705191778721,Realizations
260,0.019729373268431005,Realizations
261,0.02735594383994804,Realizations
262,0.021823163420605148,Realizations
263,0.027199078107076505,Realizations
264,0.009072421678661853,Realizations
265,0.04102781276304481,Realizations
266,0.020543375010849577,Realizations
267,0.016448848992775916,Realizations
268,0.005380551109693736,Realizations
269,0.015015904521429684,Realizations
270,0.0549355036182257,Realizations
271,0.030996166085332715,Realizations
272,0.03164512512482781,Realizations
273,0.004123900565461038,Realizations
274,0.006632098620567334,Realizations
275,0.005359385825140472,Realizations
276,0.0013309940589494266,Realizations
277,0.021360713891946267,Realizations
278,0.01973077058757397,Realizations
279,0.05503013176308026,Realizations
280,0.02552970161058735,Realizations
281,0.033917870091140986,Realizations
282,0.01133493204041961,Realizations
283,0.028719508956002417,Realizations
284,0.01941324758860762,Realizations
285,0.017394442882410526,Realizations
286,0.0361482753599674,Realizations
287,0.03949543016056234,Realizations
288,0.02139294745766573,Realizations
289,0.013253189716041506,Realizations
290,0.017865617350431743,Realizations
291,0.0008864937789964963,Realizations
292,0.0028720090520297104,Realizations
293,0.0013829283289392394,Realizations
294,0.045412304947679234,Realizations
295,0.019363401555659323,Realizations
296,0.027376891397667382,Realizations
297,0.027617191042580282,Realizations
298,0.008738600784096476,Realizations
299,0.035132053784812364,Realizations
300,0.04609999524050428,Realizations
301,0.011759940804604676,Realizations
302,0.015938814350687468,Realizations
303,0.027172257505131196,Realizations
304,0.03506415379265531,Realizations
305,0.032683002729712675,Realizations
306,0.014614824279100002,Realizations
307,0.001125468946137043,Realizations
308,0.05231717136282346,Realizations
309,0.018526966548678726,Realizations
310,0.04297951513902754,Realizations
311,0.024949399505365406,Realizations
312,0.021440805952073975,Realizations
313,0.04597705191778721,Realizations
314,0.04727581373646573,Realizations
315,0.027199078107076505,Realizations
316,0.03963685914349602,Realizations
317,0.013847964494672732,Realizations
318,0.016516023176503858,Realizations
319,0.020543375010849577,Realizations
320,0.018288947436711445,Realizations
321,0.024564072722261052,Realizations
322,0.01845702228643789,Realizations
323,0.048797012012943515,Realizations
324,0.016701552756409263,Realizations
325,0.01741413879771629,Realizations
326,0.02540018343572486,Realizations
327,0.043349231198101836,Realizations
328,0.04436685800641562,Realizations
329,0.016448848992775916,Realizations
330,0.02147558471002874,Realizations
331,0.02789793728300694,Realizations
332,0.008735464190776083,Realizations
333,0.06657758477302095,Realizations
334,0.05799421022390583,Realizations
335,0.06511349318251823,Realizations
336,0.005643925526775055,Realizations
337,0.00843950898137821,Realizations
338,0.025599254625299193,Realizations
339,0.018401175628588725,Realizations
340,0.01850979950262643,Realizations
341,0.007015415525474635,Realizations
342,0.03164512512482781,Realizations
343,0.0420489233242832,Realizations
344,0.002880464589961003,Realizations
345,0.0019616770317898422,Realizations
346,0.0036845310755447966,Realizations
347,0.02180520227215402,Realizations
348,0.036831936756581536,Realizations
349,0.012477231991972584,Realizations
350,0.038353744306080004,Realizations
351,0.02419725811560748,Realizations
352,0.02720802167895024,Realizations
353,0.01973077058757397,Realizations
354,0.030306478411697493,Realizations
355,0.00805947756161538,Realizations
356,0.01176835113816711,Realizations
357,0.017394442882410526,Realizations
358,0.019890882811799963,Realizations
359,0.020529146612672227,Realizations
360,0.02378465019073404,Realizations
361,0.03276654204315585,Realizations
362,0.029515636888659758,Realizations
363,0.013537783052503452,Realizations
364,0.029531505931077034,Realizations
365,0.04351335914575043,Realizations
366,0.0018242691526687074,Realizations
367,0.05231717136282346,Realizations
368,0.03153181378982655,Realizations
369,0.018526966548678726,Realizations
370,0.034769560487951844,Realizations
371,0.044464818664642865,Realizations
372,0.016329863099285465,Realizations
373,0.015967039912306927,Realizations
374,0.02553850047636047,Realizations
375,0.018288947436711445,Realizations
376,0.024564072722261052,Realizations
377,0.022886503594405787,Realizations
378,0.02789793728300694,Realizations
379,0.02544300269877838,Realizations
380,0.02888318541207519,Realizations
381,0.047236943953065644,Realizations
382,0.027654607032202138,Realizations
383,0.03168316495487635,Realizations
384,0.026218800426992775,Realizations
385,0.03976571193915389,Realizations
386,0.037785021510699464,Realizations
387,0.03111087906579607,Realizations
388,0.03517193661749004,Realizations
389,0.036831936756581536,Realizations
390,0.04311191557256899,Realizations
391,0.03808689770359948,Realizations
392,0.027376891397667382,Realizations
393,0.0264534532521344,Realizations
394,0.05141455763352419,Realizations
395,0.0530402763825186,Realizations
396,0.05228107939872213,Realizations
397,0.027376891397667382,Realizations
398,0.027617191042580282,Realizations
399,0.008197546671801594,Realizations
400,0.014111455491875816,Realizations
401,0.04299947992995459,Realizations
402,0.04297951513902754,Realizations
403,0.024949399505365406,Realizations
404,0.0009422913656841685,Realizations
405,0.0013900137658050197,Realizations
406,0.002109292501784566,Realizations
407,0.005380551109693736,Realizations
408,0.015015904521429684,Realizations
409,0.0013309940589494266,Realizations
410,0.015796016044559883,Realizations
411,0.021360713891946267,Realizations
412,0.01973077058757397,Realizations
413,0.02450726379875172,Realizations
414,0.0264534532521344,Realizations
415,0.026539498905578197,Realizations
416,0.034862781555801546,Realizations
417,0.036553275214037145,Realizations
418,0.054192553576812075,Realizations
419,0.05141455763352419,Realizations
420,0.0530402763825186,Realizations
421,0.05228107939872213,Realizations
422,0.006182067474462206,Realizations
423,0.007212549263652696,Realizations
424,0.009160092903446371,Realizations
425,0.03131712813139721,Realizations
426,0.015119906431709823,Realizations
427,0.02862059419902701,Realizations
428,0.027376891397667382,Realizations
429,0.027617191042580282,Realizations
430,0.03276654204315585,Realizations
431,9.631139514332218e-05,Realizations
432,0.008738600784096476,Realizations
433,0.015334108793670045,Realizations
434,0.01667646188165781,Realizations
435,0.035132053784812364,Realizations
436,0.008197546671801594,Realizations
437,0.014111455491875816,Realizations
438,0.02282681290666982,Realizations
439,0.01042560111274303,Realizations
440,0.020760454119369335,Realizations
441,0.013852401549657183,Realizations
442,0.017066783993880917,Realizations
443,0.020176074882871993,Realizations
444,0.01641881264906362,Realizations
445,0.017072335994115534,Realizations
446,0.024829559730359774,Realizations
447,0.024949399505365406,Realizations
448,0.034769560487951844,Realizations
449,0.03908118903235763,Realizations
450,0.03920211965000877,Realizations
451,0.021440805952073975,Realizations
452,0.04597705191778721,Realizations
453,0.005814590092482027,Realizations
454,0.01417248778484364,Realizations
455,0.016448848992775916,Realizations
456,0.02147558471002874,Realizations
457,0.02789793728300694,Realizations
458,0.0024166536349349162,Realizations
459,0.005643925526775055,Realizations
460,0.0009422913656841685,Realizations
461,0.021608906582512844,Realizations
462,0.025599254625299193,Realizations
463,0.018401175628588725,Realizations
464,0.01850979950262643,Realizations
465,0.023812401197628664,Realizations
466,0.0013900137658050197,Realizations
467,0.002109292501784566,Realizations
468,0.0027880163880553343,Realizations
469,6.533675981579237e-05,Realizations
470,0.0005217790769027893,Realizations
471,0.0241581273130924,Realizations
472,0.02720802167895024,Realizations
473,0.034862781555801546,Realizations
474,0.03291440156575675,Realizations
475,0.014111455491875816,Realizations
476,0.02282681290666982,Realizations
477,0.014614824279100002,Realizations
478,0.001125468946137043,Realizations
479,0.02450726379875172,Realizations
480,0.02116912286831278,Realizations
481,0.020684961730927903,Realizations
482,0.023405039711205573,Realizations
483,0.0264534532521344,Realizations
484,0.026539498905578197,Realizations
485,0.005246974108431251,Realizations
486,0.024096651715182688,Realizations
487,0.0066164965073993165,Realizations
488,0.008547786016434033,Realizations
489,0.023255683445475815,Realizations
490,0.04503473916042755,Realizations
491,0.03963674469537025,Realizations
492,0.04061401345064385,Realizations
493,0.036553275214037145,Realizations
494,0.05228107939872213,Realizations
495,0.006182067474462206,Realizations
496,0.008469726407285888,Realizations
497,0.043307409183931694,Realizations
498,0.04025430262313754,Realizations
499,0.04113148069200771,Realizations
500,0.015119906431709823,Realizations
501,0.02862059419902701,Realizations
502,0.03134602510669265,Realizations
503,0.004127611576254001,Realizations
504,0.005089380151917872,Realizations
505,0.009101177896107947,Realizations
506,0.006220404577949352,Realizations
507,0.007082085037633412,Realizations
508,0.008738600784096476,Realizations
509,0.006234094800049637,Realizations
510,0.005009345671523093,Realizations
511,0.023857628639179573,Realizations
512,0.024985949951227958,Realizations
513,0.016401930046254946,Realizations
514,0.02027193496768347,Realizations
515,0.008354915145913836,Realizations
516,0.025505054696132,Realizations
517,0.02282681290666982,Realizations
518,0.03137277994725828,Realizations
519,0.033015101695031614,Realizations
520,0.013550783570023223,Realizations
521,0.039666773345943776,Realizations
522,0.04073786651010486,Realizations
523,0.05231717136282346,Realizations
524,0.020336343257743496,Realizations
525,0.03302982843324978,Realizations
526,0.03206068844068164,Realizations
527,0.03908118903235763,Realizations
528,0.03920211965000877,Realizations
529,0.050353774743241396,Realizations
530,0.019729373268431005,Realizations
531,0.018616099350472683,Realizations
532,0.013891885512477884,Realizations
533,0.021398588571569024,Realizations
534,0.028815288580529595,Realizations
535,0.015967039912306927,Realizations
536,0.04203341644909507,Realizations
537,0.02553850047636047,Realizations
538,0.02869739994246967,Realizations
539,0.020543375010849577,Realizations
540,0.018288947436711445,Realizations
541,0.024564072722261052,Realizations
542,0.027475507101298625,Realizations
543,0.01472250854038975,Realizations
544,0.021359593290661533,Realizations
545,0.017903015021161366,Realizations
546,0.017633104150402427,Realizations
547,0.008735464190776083,Realizations
548,0.01123071873018472,Realizations
549,0.06511349318251823,Realizations
550,0.047236943953065644,Realizations
551,0.009430512816430071,Realizations
552,0.01183087090068802,Realizations
553,0.025599254625299193,Realizations
554,0.04961332819450934,Realizations
555,0.009215257959424903,Realizations
556,0.0019616770317898422,Realizations
557,0.02180520227215402,Realizations
558,0.02236875230528134,Realizations
559,0.022765651713834236,Realizations
560,0.002812459880946167,Realizations
561,0.006922421727526701,Realizations
562,0.02419725811560748,Realizations
563,0.023405039711205573,Realizations
564,0.02723866961523936,Realizations
565,0.033917870091140986,Realizations
566,0.023255683445475815,Realizations
567,0.04503473916042755,Realizations
568,0.03963674469537025,Realizations
569,0.04061401345064385,Realizations
570,0.036553275214037145,Realizations
571,0.0361482753599674,Realizations
572,0.025736994062766604,Realizations
573,0.04113148069200771,Realizations
574,0.009160092903446371,Realizations
575,0.03134602510669265,Realizations
576,0.03791670917700576,Realizations
577,0.02614890124918323,Realizations
578,0.015334108793670045,Realizations
579,0.01667646188165781,Realizations
580,0.01834096212627221,Realizations
581,0.011759940804604676,Realizations
582,0.015938814350687468,Realizations
583,0.02027193496768347,Realizations
584,0.025505054696132,Realizations
585,0.032683002729712675,Realizations
586,0.03153181378982655,Realizations
587,0.03302982843324978,Realizations
588,0.03206068844068164,Realizations
589,0.018629895214301327,Realizations
590,0.014116615725882967,Realizations
591,0.020608827938111685,Realizations
592,0.028227888674998616,Realizations
593,0.04203341644909507,Realizations
594,0.02869739994246967,Realizations
595,0.04333714614005862,Realizations
596,0.02789793728300694,Realizations
597,0.03250044046778603,Realizations
598,0.02888318541207519,Realizations
599,0.047236943953065644,Realizations
600,0.019099228687105355,Realizations
601,0.04961332819450934,Realizations
602,0.029207062804227572,Realizations
603,0.03502839534201879,Realizations
604,0.014328780240380036,Realizations
605,0.048811267236188,Realizations
606,0.0358099662316484,Realizations
607,0.028624271357326165,Realizations
608,0.030306478411697493,Realizations
609,0.02998007452114632,Realizations
610,0.031205445533505596,Realizations
611,0.017394442882410526,Realizations
612,0.054192553576812075,Realizations
613,0.0361482753599674,Realizations
614,0.03791670917700576,Realizations
615,0.02614890124918323,Realizations
616,0.013537783052503452,Realizations
617,0.02457678809139598,Realizations
618,0.025505054696132,Realizations
619,0.050357206481584926,Realizations
620,0.032683002729712675,Realizations
621,0.006073343352761421,Realizations
622,0.03153181378982655,Realizations
623,0.018526966548678726,Realizations
624,0.044464818664642865,Realizations
625,0.024007398512562828,Realizations
626,0.02544300269877838,Realizations
627,0.019099228687105355,Realizations
628,0.03168316495487635,Realizations
629,0.026218800426992775,Realizations
630,0.029362593088427095,Realizations
631,0.03517193661749004,Realizations
632,0.048811267236188,Realizations
633,0.028624271357326165,Realizations
634,0.012525304028422128,Realizations
635,0.024039259641789705,Realizations
636,0.019363401555659323,Realizations
637,0.02077945087939755,Realizations
638,0.020933901312567494,Realizations
639,0.03302982843324978,Realizations
640,0.03206068844068164,Realizations
641,0.016701552756409263,Realizations
642,0.017903015021161366,Realizations
643,0.017633104150402427,Realizations
644,0.0024166536349349162,Realizations
645,0.005643925526775055,Realizations
646,0.006315297600063538,Realizations
647,0.009215257959424903,Realizations
648,0.0019616770317898422,Realizations
649,0.0036845310755447966,Realizations
650,0.002812459880946167,Realizations
651,0.006922421727526701,Realizations
652,0.01981748081146901,Realizations
653,0.0241581273130924,Realizations
654,0.004505184172428244,Realizations
655,0.014846857840640434,Realizations
656,0.02378465019073404,Realizations
657,0.006220404577949352,Realizations
658,0.007082085037633412,Realizations
659,0.01233352224825384,Realizations
660,9.631139514332218e-05,Realizations
661,0.0016065215867602696,Realizations
662,0.01803949510198104,Realizations
663,0.020453241755660462,Realizations
664,0.013855464625260652,Realizations
665,0.016401930046254946,Realizations
666,0.03137277994725828,Realizations
667,0.033015101695031614,Realizations
668,0.020336343257743496,Realizations
669,0.017499162190743236,Realizations
670,0.02553850047636047,Realizations
671,0.048797012012943515,Realizations
672,0.03334090369491049,Realizations
673,0.016701552756409263,Realizations
674,0.01741413879771629,Realizations
675,0.034185903574892346,Realizations
676,0.06657758477302095,Realizations
677,0.0024166536349349162,Realizations
678,0.005643925526775055,Realizations
679,0.00843950898137821,Realizations
680,0.007015415525474635,Realizations
681,0.010078043658330774,Realizations
682,0.017300415091760092,Realizations
683,6.533675981579237e-05,Realizations
684,0.0005217790769027893,Realizations
685,0.009215257959424903,Realizations
686,0.0019616770317898422,Realizations
687,0.0036845310755447966,Realizations
688,0.014328780240380036,Realizations
689,0.004884365346513519,Realizations
690,0.012129160369900081,Realizations
691,0.008211559793865373,Realizations
692,0.002812459880946167,Realizations
693,0.006922421727526701,Realizations
694,0.017418621044699458,Realizations
695,0.004505184172428244,Realizations
696,0.014846857840640434,Realizations
697,0.022381679392408853,Realizations
698,0.00805947756161538,Realizations
699,0.01176835113816711,Realizations
700,0.005246974108431251,Realizations
701,0.024096651715182688,Realizations
702,0.0066164965073993165,Realizations
703,0.008547786016434033,Realizations
704,0.0333106713768335,Realizations
705,0.00940693043286146,Realizations
706,0.01133493204041961,Realizations
707,0.015441899703400423,Realizations
708,0.040886650181257686,Realizations
709,0.05228107939872213,Realizations
710,0.0361482753599674,Realizations
711,0.008469726407285888,Realizations
712,0.02455563742745515,Realizations
713,0.02862059419902701,Realizations
714,0.03134602510669265,Realizations
715,0.0013829283289392394,Realizations
716,0.045412304947679234,Realizations
717,0.03575100708117471,Realizations
718,0.028735667263686128,Realizations
719,0.032713499814839966,Realizations
720,0.01805780070841043,Realizations
721,0.024985949951227958,Realizations
722,0.015938814350687468,Realizations
723,0.01042560111274303,Realizations
724,0.020760454119369335,Realizations
725,0.028038647603783176,Realizations
726,0.013550783570023223,Realizations
727,0.050357206481584926,Realizations
728,0.03153181378982655,Realizations
729,0.018526966548678726,Realizations
730,0.050353774743241396,Realizations
731,0.014116615725882967,Realizations
732,0.02869739994246967,Realizations
733,0.022886503594405787,Realizations
734,0.016701552756409263,Realizations
735,0.01741413879771629,Realizations
736,0.034185903574892346,Realizations
737,0.021359593290661533,Realizations
738,0.03241539625740569,Realizations
739,0.00843950898137821,Realizations
740,0.019099228687105355,Realizations
741,0.053811272867095146,Realizations
742,0.055992333222207834,Realizations
743,0.033423954576507806,Realizations
744,0.0420489233242832,Realizations
745,0.03111087906579607,Realizations
746,0.0005217790769027893,Realizations
747,0.002880464589961003,Realizations
748,0.014328780240380036,Realizations
749,0.02180520227215402,Realizations
750,0.004123900565461038,Realizations
751,0.006632098620567334,Realizations
752,0.012477231991972584,Realizations
753,0.038353744306080004,Realizations
754,0.017418621044699458,Realizations
755,0.028624271357326165,Realizations
756,0.015796016044559883,Realizations
757,0.01981748081146901,Realizations
758,0.004505184172428244,Realizations
759,0.014846857840640434,Realizations
760,0.022381679392408853,Realizations
761,0.023946669562158213,Realizations
762,0.027609262729596903,Realizations
763,0.036553275214037145,Realizations
764,0.05141455763352419,Realizations
765,0.0530402763825186,Realizations
766,0.05228107939872213,Realizations
767,0.006182067474462206,Realizations
768,0.008469726407285888,Realizations
769,0.02455563742745515,Realizations
770,0.0008864937789964963,Realizations
771,0.0028720090520297104,Realizations
772,0.009541306600476914,Realizations
773,0.00811213547634443,Realizations
774,0.011759940804604676,Realizations
775,0.03302982843324978,Realizations
776,0.03206068844068164,Realizations
777,0.04299947992995459,Realizations
778,0.04297951513902754,Realizations
779,0.024949399505365406,Realizations
780,0.02735594383994804,Realizations
781,0.021823163420605148,Realizations
782,0.027199078107076505,Realizations
783,0.043349231198101836,Realizations
784,0.04253612146900412,Realizations
785,0.03976571193915389,Realizations
786,0.037785021510699464,Realizations
787,0.009215257959424903,Realizations
788,0.0019616770317898422,Realizations
789,0.0036845310755447966,Realizations
790,0.022461443895720464,Realizations
791,0.030306478411697493,Realizations
792,0.023044352044274522,Realizations
793,0.03329647978818441,Realizations
794,0.02723866961523936,Realizations
795,0.023255683445475815,Realizations
796,0.016521374237384288,Realizations
797,0.028719508956002417,Realizations
798,0.01941324758860762,Realizations
799,0.007212549263652696,Realizations
800,0.009160092903446371,Realizations
801,0.03131712813139721,Realizations
802,0.03134602510669265,Realizations
803,0.045412304947679234,Realizations
804,0.020529146612672227,Realizations
805,0.020633029107399014,Realizations
806,0.04117991202893461,Realizations
807,0.007082085037633412,Realizations
808,0.01233352224825384,Realizations
809,0.013537783052503452,Realizations
810,0.02077945087939755,Realizations
811,0.024266114177214432,Realizations
812,0.037505581310404996,Realizations
813,0.008197546671801594,Realizations
814,0.014111455491875816,Realizations
815,0.02282681290666982,Realizations
816,0.033015101695031614,Realizations
817,0.013550783570023223,Realizations
818,0.020336343257743496,Realizations
819,0.04299947992995459,Realizations
820,0.04297951513902754,Realizations
821,0.024949399505365406,Realizations
822,0.050353774743241396,Realizations
823,0.013891885512477884,Realizations
824,0.020608827938111685,Realizations
825,0.028815288580529595,Realizations
826,0.028227888674998616,Realizations
827,0.013847964494672732,Realizations
828,0.016516023176503858,Realizations
829,0.02553850047636047,Realizations
830,0.02586437581352839,Realizations
831,0.027475507101298625,Realizations
832,0.01845702228643789,Realizations
833,0.048797012012943515,Realizations
834,0.03334090369491049,Realizations
835,0.02544300269877838,Realizations
836,0.03241539625740569,Realizations
837,0.02888318541207519,Realizations
838,0.0024166536349349162,Realizations
839,0.005643925526775055,Realizations
840,0.021608906582512844,Realizations
841,0.025599254625299193,Realizations
842,0.0027880163880553343,Realizations
843,0.033423954576507806,Realizations
844,0.04107521245886263,Realizations
845,0.011717083388738746,Realizations
846,0.01350509914867877,Realizations
847,0.0420489233242832,Realizations
848,0.010078043658330774,Realizations
849,0.017300415091760092,Realizations
850,0.013062458257445614,Realizations
851,0.03502839534201879,Realizations
852,0.014328780240380036,Realizations
853,0.008211559793865373,Realizations
854,0.02236875230528134,Realizations
855,0.022765651713834236,Realizations
856,0.006922421727526701,Realizations
857,0.017418621044699458,Realizations
858,0.015796016044559883,Realizations
859,0.02419725811560748,Realizations
860,0.03906562065339397,Realizations
861,0.022381679392408853,Realizations
862,0.022461443895720464,Realizations
863,0.023405039711205573,Realizations
864,0.03329647978818441,Realizations
865,0.031205445533505596,Realizations
866,0.01941324758860762,Realizations
867,0.054192553576812075,Realizations
868,0.022923809452102935,Realizations
869,0.020633029107399014,Realizations
870,0.04117991202893461,Realizations
871,0.013537783052503452,Realizations
872,0.020933901312567494,Realizations
873,0.022258927500620296,Realizations
874,0.027372826375973717,Realizations
875,0.037505581310404996,Realizations
876,0.02282681290666982,Realizations
877,0.030535333560619403,Realizations
878,0.044464818664642865,Realizations
879,0.020608827938111685,Realizations
880,0.028227888674998616,Realizations
881,0.02869739994246967,Realizations
882,0.02586437581352839,Realizations
883,0.027475507101298625,Realizations
884,0.04436685800641562,Realizations
885,0.02544300269877838,Realizations
886,0.03241539625740569,Realizations
887,0.03435133178854386,Realizations
888,0.00843950898137821,Realizations
889,0.026218800426992775,Realizations
890,0.011213490912742981,Realizations
891,0.029207062804227572,Realizations
892,0.03111087906579607,Realizations
893,0.013062458257445614,Realizations
894,0.03517193661749004,Realizations
895,0.03502839534201879,Realizations
896,0.014328780240380036,Realizations
897,0.0358099662316484,Realizations
898,0.017418621044699458,Realizations
899,0.028624271357326165,Realizations
900,0.03808689770359948,Realizations
901,0.022461443895720464,Realizations
902,0.022593418048052507,Realizations
903,0.030306478411697493,Realizations
904,0.054192553576812075,Realizations
905,0.0708697989653488,Realizations
906,0.03081128556907644,Realizations
907,0.020608827938111685,Realizations
908,0.02869739994246967,Realizations
909,0.01472250854038975,Realizations
910,0.011213490912742981,Realizations
911,0.033423954576507806,Realizations
912,0.03517193661749004,Realizations
913,0.036831936756581536,Realizations
914,0.0358099662316484,Realizations
915,0.028624271357326165,Realizations
916,0.021360713891946267,Realizations
917,0.01973077058757397,Realizations
918,0.02450726379875172,Realizations
919,0.004505184172428244,Realizations
920,0.014846857840640434,Realizations
921,0.022381679392408853,Realizations
922,0.023946669562158213,Realizations
923,0.027609262729596903,Realizations
924,0.036553275214037145,Realizations
925,0.05141455763352419,Realizations
926,0.0530402763825186,Realizations
927,0.006182067474462206,Realizations
928,0.008469726407285888,Realizations
929,0.02455563742745515,Realizations
930,0.027376891397667382,Realizations
931,0.006220404577949352,Realizations
932,0.007082085037633412,Realizations
933,0.01233352224825384,Realizations
934,0.028735667263686128,Realizations
935,0.032713499814839966,Realizations
936,0.005009345671523093,Realizations
937,0.04738682797372539,Realizations
938,0.0448259002581456,Realizations
939,0.00811213547634443,Realizations
940,0.011759940804604676,Realizations
941,0.013855464625260652,Realizations
942,0.0007575197642835597,Realizations
943,0.002019714338085935,Realizations
944,0.01042560111274303,Realizations
945,0.020760454119369335,Realizations
946,0.004733581348971056,Realizations
947,0.01254421916433623,Realizations
948,0.04351335914575043,Realizations
949,0.02056297491367629,Realizations
950,0.02128400245935543,Realizations
951,0.024829559730359774,Realizations
952,0.04299947992995459,Realizations
953,0.04297951513902754,Realizations
954,0.024949399505365406,Realizations
955,0.03908118903235763,Realizations
956,0.03920211965000877,Realizations
957,0.021440805952073975,Realizations
958,0.006430022970853808,Realizations
959,0.009072421678661853,Realizations
960,0.005814590092482027,Realizations
961,0.01417248778484364,Realizations
962,0.017903015021161366,Realizations
963,0.017633104150402427,Realizations
964,0.03250044046778603,Realizations
965,0.004884365346513519,Realizations
966,0.012129160369900081,Realizations
967,0.02180520227215402,Realizations
968,0.002812459880946167,Realizations
969,0.006922421727526701,Realizations
970,0.017418621044699458,Realizations
971,0.02450726379875172,Realizations
972,0.004505184172428244,Realizations
973,0.014846857840640434,Realizations
974,0.022381679392408853,Realizations
975,0.024096651715182688,Realizations
976,0.02552970161058735,Realizations
977,0.054192553576812075,Realizations
978,0.05141455763352419,Realizations
979,0.0530402763825186,Realizations
980,0.05228107939872213,Realizations
981,0.02139294745766573,Realizations
982,0.013253189716041506,Realizations
983,0.015119906431709823,Realizations
984,0.02862059419902701,Realizations
985,0.03134602510669265,Realizations
986,0.0008864937789964963,Realizations
987,0.0028720090520297104,Realizations
988,0.03789233337532842,Realizations
989,0.03523474874691417,Realizations
990,0.027617191042580282,Realizations
991,0.03276654204315585,Realizations
992,0.017730034882915,Realizations
993,0.0448259002581456,Realizations
994,0.011759940804604676,Realizations
995,0.015938814350687468,Realizations
996,0.013855464625260652,Realizations
997,0.016401930046254946,Realizations
998,0.02027193496768347,Realizations
999,0.01803474188945236,Realizations
1000,0.02134656515048747,Realizations
1001,0.027172257505131196,Realizations
1002,0.03506415379265531,Realizations
1003,0.002019714338085935,Realizations
1004,0.008354915145913836,Realizations
1005,0.025505054696132,Realizations
1006,0.01042560111274303,Realizations
1007,0.020760454119369335,Realizations
1008,0.028038647603783176,Realizations
1009,0.030535333560619403,Realizations
1010,0.013852401549657183,Realizations
1011,0.017066783993880917,Realizations
1012,0.020176074882871993,Realizations
1013,0.02056297491367629,Realizations
1014,0.02128400245935543,Realizations
1015,0.03108267931776652,Realizations
1016,0.029264666119253564,Realizations
1017,0.024949399505365406,Realizations
1018,0.03908118903235763,Realizations
1019,0.03920211965000877,Realizations
1020,0.021440805952073975,Realizations
1021,0.04597705191778721,Realizations
1022,0.04727581373646573,Realizations
1023,0.019729373268431005,Realizations
1024,0.018616099350472683,Realizations
1025,0.005814590092482027,Realizations
1026,0.01417248778484364,Realizations
1027,0.01845702228643789,Realizations
1028,0.048797012012943515,Realizations
1029,0.03334090369491049,Realizations
1030,0.03763297404098493,Realizations
1031,0.03250044046778603,Realizations
1032,0.008735464190776083,Realizations
1033,0.01123071873018472,Realizations
1034,0.02888318541207519,Realizations
1035,0.00843950898137821,Realizations
1036,0.020286822810967317,Realizations
1037,0.053811272867095146,Realizations
1038,0.028550298611957226,Realizations
1039,0.045269780473266776,Realizations
1040,0.04107521245886263,Realizations
1041,0.011717083388738746,Realizations
1042,0.01350509914867877,Realizations
1043,0.015058531811049063,Realizations
1044,0.005380551109693736,Realizations
1045,0.015015904521429684,Realizations
1046,0.0549355036182257,Realizations
1047,0.013062458257445614,Realizations
1048,0.009215257959424903,Realizations
1049,0.0019616770317898422,Realizations
1050,0.0036845310755447966,Realizations
1051,0.012129160369900081,Realizations
1052,0.02180520227215402,Realizations
1053,0.048811267236188,Realizations
1054,0.028624271357326165,Realizations
1055,0.06275669236081273,Realizations
1056,0.030467934657752042,Realizations
1057,0.030679500165822653,Realizations
1058,0.033917870091140986,Realizations
1059,0.01133493204041961,Realizations
1060,0.015441899703400423,Realizations
1061,0.0361482753599674,Realizations
1062,0.017865617350431743,Realizations
1063,0.009541306600476914,Realizations
1064,0.020633029107399014,Realizations
1065,0.019363401555659323,Realizations
1066,0.02378465019073404,Realizations
1067,0.008807430438200424,Realizations
1068,0.02740036885832276,Realizations
1069,0.021233331910881316,Realizations
1070,0.025180042011813616,Realizations
1071,0.009495576086111403,Realizations
1072,0.010901079586491239,Realizations
1073,0.0448259002581456,Realizations
1074,0.03172136787320826,Realizations
1075,0.02027193496768347,Realizations
1076,0.037505581310404996,Realizations
1077,0.03506415379265531,Realizations
1078,0.02672309363580666,Realizations
1079,0.025505054696132,Realizations
1080,0.028038647603783176,Realizations
1081,0.029716759386279358,Realizations
1082,0.033015101695031614,Realizations
1083,0.013550783570023223,Realizations
1084,0.030535333560619403,Realizations
1085,0.013852401549657183,Realizations
1086,0.017066783993880917,Realizations
1087,0.020176074882871993,Realizations
1088,0.02056297491367629,Realizations
1089,0.02128400245935543,Realizations
1090,0.03108267931776652,Realizations
1091,0.032449635316192105,Realizations
1092,0.029264666119253564,Realizations
1093,0.03908118903235763,Realizations
1094,0.03920211965000877,Realizations
1095,0.050353774743241396,Realizations
1096,0.04727581373646573,Realizations
1097,0.044464818664642865,Realizations
1098,0.013891885512477884,Realizations
1099,0.020608827938111685,Realizations
1100,0.006430022970853808,Realizations
1101,0.009072421678661853,Realizations
1102,0.04102781276304481,Realizations
1103,0.03963685914349602,Realizations
1104,0.021398588571569024,Realizations
1105,0.028815288580529595,Realizations
1106,0.020543375010849577,Realizations
1107,0.052571964997288244,Realizations
1108,0.021375702770787722,Realizations
1109,0.04436685800641562,Realizations
1110,0.03250044046778603,Realizations
1111,0.020286822810967317,Realizations
1112,0.055992333222207834,Realizations
1113,0.037785021510699464,Realizations
1114,0.056940731712059045,Realizations
1115,0.0549355036182257,Realizations
1116,0.029362593088427095,Realizations
1117,0.03517193661749004,Realizations
1118,0.014328780240380036,Realizations
1119,0.048811267236188,Realizations
1120,0.00805947756161538,Realizations
1121,0.01176835113816711,Realizations
1122,0.043307409183931694,Realizations
1123,0.04025430262313754,Realizations
1124,0.007212549263652696,Realizations
1125,0.009160092903446371,Realizations
1126,0.03131712813139721,Realizations
1127,0.027376891397667382,Realizations
1128,0.02735594383994804,Realizations
1129,0.021823163420605148,Realizations
1130,0.027199078107076505,Realizations
1131,0.028815288580529595,Realizations
1132,0.02540018343572486,Realizations
1133,0.043349231198101836,Realizations
1134,0.006315297600063538,Realizations
1135,0.008889850326087226,Realizations
1136,0.053811272867095146,Realizations
1137,0.04253612146900412,Realizations
1138,0.03976571193915389,Realizations
1139,0.037785021510699464,Realizations
1140,0.01981748081146901,Realizations
1141,0.0241581273130924,Realizations
1142,0.02720802167895024,Realizations
1143,0.004505184172428244,Realizations
1144,0.014846857840640434,Realizations
1145,0.02116912286831278,Realizations
1146,0.020684961730927903,Realizations
1147,0.05503013176308026,Realizations
1148,0.015441899703400423,Realizations
1149,0.007212549263652696,Realizations
1150,0.009160092903446371,Realizations
1151,0.03131712813139721,Realizations
1152,0.0008864937789964963,Realizations
1153,0.0028720090520297104,Realizations
1154,0.009541306600476914,Realizations
1155,0.03575100708117471,Realizations
1156,0.03789233337532842,Realizations
1157,0.027376891397667382,Realizations
1158,0.027617191042580282,Realizations
1159,0.006220404577949352,Realizations
1160,9.631139514332218e-05,Realizations
1161,0.0016065215867602696,Realizations
1162,0.025145266954791898,Realizations
1163,0.030535333560619403,Realizations
1164,0.03302982843324978,Realizations
1165,0.03206068844068164,Realizations
1166,0.04299947992995459,Realizations
1167,0.04297951513902754,Realizations
1168,0.024949399505365406,Realizations
1169,0.021823163420605148,Realizations
1170,0.027199078107076505,Realizations
1171,0.03963685914349602,Realizations
1172,0.021398588571569024,Realizations
1173,0.028815288580529595,Realizations
1174,0.04436685800641562,Realizations
1175,0.017903015021161366,Realizations
1176,0.017633104150402427,Realizations
1177,0.0024166536349349162,Realizations
1178,0.005643925526775055,Realizations
1179,0.053811272867095146,Realizations
1180,0.055992333222207834,Realizations
1181,0.018401175628588725,Realizations
1182,0.01850979950262643,Realizations
1183,0.023812401197628664,Realizations
1184,0.04961332819450934,Realizations
1185,0.04253612146900412,Realizations
1186,0.03976571193915389,Realizations
1187,0.037785021510699464,Realizations
1188,0.028550298611957226,Realizations
1189,0.045269780473266776,Realizations
1190,6.533675981579237e-05,Realizations
1191,0.0005217790769027893,Realizations
1192,0.004884365346513519,Realizations
1193,0.012129160369900081,Realizations
1194,0.02180520227215402,Realizations
1195,0.008211559793865373,Realizations
1196,0.02236875230528134,Realizations
1197,0.03906562065339397,Realizations
1198,0.014846857840640434,Realizations
1199,0.022381679392408853,Realizations
1200,0.011651654877505453,Realizations
1201,0.030679500165822653,Realizations
1202,0.033917870091140986,Realizations
1203,0.023255683445475815,Realizations
1204,0.040886650181257686,Realizations
1205,0.023946669562158213,Realizations
1206,0.027609262729596903,Realizations
1207,0.0361482753599674,Realizations
1208,0.025736994062766604,Realizations
1209,0.022923809452102935,Realizations
1210,0.009541306600476914,Realizations
1211,0.03523474874691417,Realizations
1212,0.02378465019073404,Realizations
1213,0.04117991202893461,Realizations
1214,0.02740036885832276,Realizations
1215,0.0203131995908887,Realizations
1216,0.027372826375973717,Realizations
1217,0.03172136787320826,Realizations
1218,0.037505581310404996,Realizations
1219,0.02134656515048747,Realizations
1220,0.027172257505131196,Realizations
1221,0.03506415379265531,Realizations
1222,0.0007575197642835597,Realizations
1223,0.002019714338085935,Realizations
1224,0.008354915145913836,Realizations
1225,0.028038647603783176,Realizations
1226,0.013852401549657183,Realizations
1227,0.017066783993880917,Realizations
1228,0.039666773345943776,Realizations
1229,0.05231717136282346,Realizations
1230,0.03153181378982655,Realizations
1231,0.021823163420605148,Realizations
1232,0.027199078107076505,Realizations
1233,0.03963685914349602,Realizations
1234,0.02869739994246967,Realizations
1235,0.022886503594405787,Realizations
1236,0.024007398512562828,Realizations
1237,0.005814590092482027,Realizations
1238,0.01417248778484364,Realizations
1239,0.021375702770787722,Realizations
1240,0.044596634688656676,Realizations
1241,0.021359593290661533,Realizations
1242,0.03241539625740569,Realizations
1243,0.06657758477302095,Realizations
1244,0.05799421022390583,Realizations
1245,0.06511349318251823,Realizations
1246,0.005643925526775055,Realizations
1247,0.00843950898137821,Realizations
1248,0.019099228687105355,Realizations
1249,0.055992333222207834,Realizations
1250,0.037785021510699464,Realizations
1251,0.01305179235808052,Realizations
1252,0.056940731712059045,Realizations
1253,0.0549355036182257,Realizations
1254,0.029362593088427095,Realizations
1255,0.03111087906579607,Realizations
1256,0.004123900565461038,Realizations
1257,0.006632098620567334,Realizations
1258,0.03906562065339397,Realizations
1259,0.023255683445475815,Realizations
1260,0.031205445533505596,Realizations
1261,0.03291440156575675,Realizations
1262,0.035964393388728116,Realizations
1263,0.023946669562158213,Realizations
1264,0.027609262729596903,Realizations
1265,0.036553275214037145,Realizations
1266,0.025736994062766604,Realizations
1267,0.022923809452102935,Realizations
1268,0.03791670917700576,Realizations
1269,0.021032059530464452,Realizations
1270,0.02923874899805835,Realizations
1271,0.04117991202893461,Realizations
1272,0.0203131995908887,Realizations
1273,0.03172136787320826,Realizations
1274,0.03506415379265531,Realizations
1275,0.025505054696132,Realizations
1276,0.02282681290666982,Realizations
1277,0.029716759386279358,Realizations
1278,0.050357206481584926,Realizations
1279,0.03452367548074789,Realizations
1280,0.018526966548678726,Realizations
1281,0.016329863099285465,Realizations
1282,0.03963685914349602,Realizations
1283,0.028227888674998616,Realizations
1284,0.01472250854038975,Realizations
1285,0.047236943953065644,Realizations
1286,0.03168316495487635,Realizations
1287,0.055992333222207834,Realizations
1288,0.026218800426992775,Realizations
1289,0.011213490912742981,Realizations
1290,0.023889047827003743,Realizations
1291,0.029362593088427095,Realizations
1292,0.03111087906579607,Realizations
1293,0.009215257959424903,Realizations
1294,0.0019616770317898422,Realizations
1295,0.0036845310755447966,Realizations
1296,0.036831936756581536,Realizations
1297,0.028624271357326165,Realizations
1298,0.01941324758860762,Realizations
1299,0.03791670917700576,Realizations
1300,0.0203131995908887,Realizations
1301,0.013537783052503452,Realizations
1302,0.025505054696132,Realizations
1303,0.04333714614005862,Realizations
1304,0.036831936756581536,Realizations
1305,0.022593418048052507,Realizations
1306,0.0066164965073993165,Realizations
1307,0.008547786016434033,Realizations
1308,0.011651654877505453,Realizations
1309,0.030467934657752042,Realizations
1310,0.028719508956002417,Realizations
1311,0.05228107939872213,Realizations
1312,0.043307409183931694,Realizations
1313,0.04025430262313754,Realizations
1314,0.04113148069200771,Realizations
1315,0.009160092903446371,Realizations
1316,0.03131712813139721,Realizations
1317,0.022923809452102935,Realizations
1318,0.015119906431709823,Realizations
1319,0.02862059419902701,Realizations
1320,0.004127611576254001,Realizations
1321,0.005089380151917872,Realizations
1322,0.012525304028422128,Realizations
1323,0.024039259641789705,Realizations
1324,0.02077945087939755,Realizations
1325,0.020933901312567494,Realizations
1326,0.022258927500620296,Realizations
1327,0.04351335914575043,Realizations
1328,0.04858009367766719,Realizations
1329,0.019729373268431005,Realizations
1330,0.018616099350472683,Realizations
1331,0.013891885512477884,Realizations
1332,0.01845702228643789,Realizations
1333,0.052571964997288244,Realizations
1334,0.048797012012943515,Realizations
1335,0.03334090369491049,Realizations
1336,0.03763297404098493,Realizations
1337,0.03241539625740569,Realizations
1338,0.008735464190776083,Realizations
1339,0.01123071873018472,Realizations
1340,0.02888318541207519,Realizations
1341,0.06657758477302095,Realizations
1342,0.05799421022390583,Realizations
1343,0.06511349318251823,Realizations
1344,0.017300415091760092,Realizations
1345,0.009215257959424903,Realizations
1346,0.0019616770317898422,Realizations
1347,0.0036845310755447966,Realizations
1348,0.022765651713834236,Realizations
1349,0.0358099662316484,Realizations
1350,0.014846857840640434,Realizations
1351,0.022381679392408853,Realizations
1352,0.022593418048052507,Realizations
1353,0.005246974108431251,Realizations
1354,0.024096651715182688,Realizations
1355,0.02552970161058735,Realizations
1356,0.013416086968976913,Realizations
1357,0.017666023102674417,Realizations
1358,0.023044352044274522,Realizations
1359,0.011651654877505453,Realizations
1360,0.02723866961523936,Realizations
1361,0.030467934657752042,Realizations
1362,0.030679500165822653,Realizations
1363,0.028719508956002417,Realizations
1364,0.040886650181257686,Realizations
1365,0.043307409183931694,Realizations
1366,0.04025430262313754,Realizations
1367,0.04113148069200771,Realizations
1368,0.03949543016056234,Realizations
1369,0.03131712813139721,Realizations
1370,0.022923809452102935,Realizations
1371,0.02862059419902701,Realizations
1372,0.03134602510669265,Realizations
1373,0.017730034882915,Realizations
1374,0.021233331910881316,Realizations
1375,0.02077945087939755,Realizations
1376,0.020933901312567494,Realizations
1377,0.022258927500620296,Realizations
1378,0.03081128556907644,Realizations
1379,0.020608827938111685,Realizations
1380,0.017499162190743236,Realizations
1381,0.021398588571569024,Realizations
1382,0.013985494568179303,Realizations
1383,0.013278704683856862,Realizations
1384,0.015967039912306927,Realizations
1385,0.02553850047636047,Realizations
1386,0.052571964997288244,Realizations
1387,0.048797012012943515,Realizations
1388,0.03334090369491049,Realizations
1389,0.03763297404098493,Realizations
1390,0.03241539625740569,Realizations
1391,0.02888318541207519,Realizations
1392,0.03435133178854386,Realizations
1393,0.06511349318251823,Realizations
1394,0.04253612146900412,Realizations
1395,0.03976571193915389,Realizations
1396,0.037785021510699464,Realizations
1397,0.028550298611957226,Realizations
1398,0.013062458257445614,Realizations
1399,0.0036845310755447966,Realizations
1400,0.014328780240380036,Realizations
1401,0.004123900565461038,Realizations
1402,0.006632098620567334,Realizations
1403,0.005359385825140472,Realizations
1404,0.008348771074795758,Realizations
1405,0.012477231991972584,Realizations
1406,0.038353744306080004,Realizations
1407,0.022765651713834236,Realizations
1408,0.0358099662316484,Realizations
1409,0.02450726379875172,Realizations
1410,0.022461443895720464,Realizations
1411,0.022593418048052507,Realizations
1412,0.02552970161058735,Realizations
1413,0.02998007452114632,Realizations
1414,0.017666023102674417,Realizations
1415,0.023044352044274522,Realizations
1416,0.030679500165822653,Realizations
1417,0.033917870091140986,Realizations
1418,0.040886650181257686,Realizations
1419,0.043307409183931694,Realizations
1420,0.04025430262313754,Realizations
1421,0.04113148069200771,Realizations
1422,0.022923809452102935,Realizations
1423,0.029515636888659758,Realizations
1424,0.009495576086111403,Realizations
1425,0.010901079586491239,Realizations
1426,0.02457678809139598,Realizations
1427,0.03391485558269362,Realizations
1428,0.045047518808165314,Realizations
1429,0.06012701562672697,Realizations
1430,0.04609999524050428,Realizations
1431,0.010307332283461835,Realizations
1432,0.024266114177214432,Realizations
1433,0.023857628639179573,Realizations
1434,0.03081128556907644,Realizations
1435,0.0447597958352982,Realizations
1436,0.039666773345943776,Realizations
1437,0.04073786651010486,Realizations
1438,0.034769560487951844,Realizations
1439,0.02553850047636047,Realizations
1440,0.052571964997288244,Realizations
1441,0.021375702770787722,Realizations
1442,0.027654607032202138,Realizations
1443,0.03168316495487635,Realizations
1444,0.0013900137658050197,Realizations
1445,0.002109292501784566,Realizations
1446,0.0027880163880553343,Realizations
1447,0.04107521245886263,Realizations
1448,0.03517193661749004,Realizations
1449,0.014328780240380036,Realizations
1450,0.036831936756581536,Realizations
1451,0.038353744306080004,Realizations
1452,0.04311191557256899,Realizations
1453,0.0358099662316484,Realizations
1454,0.0264534532521344,Realizations
1455,0.026539498905578197,Realizations
1456,9.631139514332218e-05,Realizations
1457,0.0016065215867602696,Realizations
1458,0.016701552756409263,Realizations
1459,0.01741413879771629,Realizations
1460,0.034185903574892346,Realizations
1461,0.03250044046778603,Realizations
1462,0.03241539625740569,Realizations
1463,0.01981748081146901,Realizations
1464,0.0241581273130924,Realizations
1465,0.02720802167895024,Realizations
1466,0.0264534532521344,Realizations
1467,0.026539498905578197,Realizations
1468,0.04405707728306251,Realizations
1469,0.01472370465894803,Realizations
1470,0.016521374237384288,Realizations
1471,0.008469726407285888,Realizations
1472,0.02455563742745515,Realizations
1473,0.025736994062766604,Realizations
1474,0.015119906431709823,Realizations
1475,0.02862059419902701,Realizations
1476,0.03134602510669265,Realizations
1477,9.631139514332218e-05,Realizations
1478,0.0016065215867602696,Realizations
1479,0.025145266954791898,Realizations
1480,0.03391485558269362,Realizations
1481,0.045047518808165314,Realizations
1482,0.02134656515048747,Realizations
1483,0.027172257505131196,Realizations
1484,0.03506415379265531,Realizations
1485,0.044596634688656676,Realizations
1486,0.03250044046778603,Realizations
1487,0.03241539625740569,Realizations
1488,0.007015415525474635,Realizations
1489,0.011373218737373217,Realizations
1490,0.002880464589961003,Realizations
1491,0.02720802167895024,Realizations
1492,0.03906562065339397,Realizations
1493,0.04405707728306251,Realizations
1494,0.030306478411697493,Realizations
1495,0.02862059419902701,Realizations
1496,0.03134602510669265,Realizations
1497,0.03791670917700576,Realizations
1498,9.631139514332218e-05,Realizations
1499,0.0016065215867602696,Realizations
1500,0.025145266954791898,Realizations
1501,0.03391485558269362,Realizations
1502,0.045047518808165314,Realizations
1503,0.06012701562672697,Realizations
1504,0.02077945087939755,Realizations
1505,0.020933901312567494,Realizations
1506,0.022258927500620296,Realizations
1507,0.03506415379265531,Realizations
1508,0.02672309363580666,Realizations
1509,0.02282681290666982,Realizations
1510,0.04351335914575043,Realizations
1511,0.030535333560619403,Realizations
1512,0.013852401549657183,Realizations
1513,0.014614824279100002,Realizations
1514,0.01641881264906362,Realizations
1515,0.017072335994115534,Realizations
1516,0.024829559730359774,Realizations
1517,0.034769560487951844,Realizations
1518,0.013985494568179303,Realizations
1519,0.013278704683856862,Realizations
1520,0.015967039912306927,Realizations
1521,0.025825514941165913,Realizations
1522,0.044596634688656676,Realizations
1523,0.016448848992775916,Realizations
1524,0.02147558471002874,Realizations
1525,0.02789793728300694,Realizations
1526,0.03241539625740569,Realizations
1527,0.00843950898137821,Realizations
1528,0.008278092269672722,Realizations
1529,0.009430512816430071,Realizations
1530,0.01183087090068802,Realizations
1531,0.029207062804227572,Realizations
1532,0.0420489233242832,Realizations
1533,0.002812459880946167,Realizations
1534,0.006922421727526701,Realizations
1535,0.017418621044699458,Realizations
1536,0.03906562065339397,Realizations
1537,0.022461443895720464,Realizations
1538,0.02998007452114632,Realizations
1539,0.03329647978818441,Realizations
1540,0.031205445533505596,Realizations
1541,0.0361482753599674,Realizations
1542,0.02455563742745515,Realizations
1543,0.03131712813139721,Realizations
1544,0.022923809452102935,Realizations
1545,0.03791670917700576,Realizations
1546,0.021032059530464452,Realizations
1547,0.02923874899805835,Realizations
1548,0.02614890124918323,Realizations
1549,0.03575100708117471,Realizations
1550,0.03789233337532842,Realizations
1551,0.03523474874691417,Realizations
1552,0.04117991202893461,Realizations
1553,0.008807430438200424,Realizations
1554,0.013537783052503452,Realizations
1555,0.01805780070841043,Realizations
1556,0.02457678809139598,Realizations
1557,0.0708697989653488,Realizations
1558,0.03172136787320826,Realizations
1559,0.02672309363580666,Realizations
1560,0.029716759386279358,Realizations
1561,0.030535333560619403,Realizations
1562,0.020176074882871993,Realizations
1563,0.032683002729712675,Realizations
1564,0.020336343257743496,Realizations
1565,0.024829559730359774,Realizations
1566,0.034769560487951844,Realizations
1567,0.03920211965000877,Realizations
1568,0.020608827938111685,Realizations
1569,0.016329863099285465,Realizations
1570,0.03963685914349602,Realizations
1571,0.022886503594405787,Realizations
1572,0.021375702770787722,Realizations
1573,0.021359593290661533,Realizations
1574,0.03241539625740569,Realizations
1575,0.047236943953065644,Realizations
1576,0.055992333222207834,Realizations
1577,0.011213490912742981,Realizations
1578,0.056940731712059045,Realizations
1579,0.036831936756581536,Realizations
1580,0.028624271357326165,Realizations
1581,0.022461443895720464,Realizations
1582,0.03329647978818441,Realizations
1583,0.040886650181257686,Realizations
1584,0.022923809452102935,Realizations
1585,0.03791670917700576,Realizations
1586,0.02923874899805835,Realizations
1587,0.02740036885832276,Realizations
1588,0.02457678809139598,Realizations
1589,0.02672309363580666,Realizations
1590,0.03081128556907644,Realizations
1591,0.030535333560619403,Realizations
1592,0.03452367548074789,Realizations
1593,0.016329863099285465,Realizations
1594,0.028227888674998616,Realizations
1595,0.03241539625740569,Realizations
1596,0.047236943953065644,Realizations
1597,0.027654607032202138,Realizations
1598,0.03168316495487635,Realizations
1599,0.023889047827003743,Realizations
1600,0.029207062804227572,Realizations
1601,0.028624271357326165,Realizations
1602,0.03906562065339397,Realizations
1603,0.0448259002581456,Realizations
1604,0.01973077058757397,Realizations
1605,0.02450726379875172,Realizations
1606,0.06275669236081273,Realizations
1607,0.022461443895720464,Realizations
1608,0.04405707728306251,Realizations
1609,0.030306478411697493,Realizations
1610,0.04968650350430432,Realizations
1611,0.02723866961523936,Realizations
1612,0.030679500165822653,Realizations
1613,0.033917870091140986,Realizations
1614,0.01534575167092383,Realizations
1615,0.015283965784870538,Realizations
1616,0.02455563742745515,Realizations
1617,0.025736994062766604,Realizations
1618,0.009101177896107947,Realizations
1619,0.020633029107399014,Realizations
1620,0.019363401555659323,Realizations
1621,0.006220404577949352,Realizations
1622,0.007082085037633412,Realizations
1623,0.01233352224825384,Realizations
1624,9.631139514332218e-05,Realizations
1625,0.0016065215867602696,Realizations
1626,0.025145266954791898,Realizations
1627,0.029515636888659758,Realizations
1628,0.008738600784096476,Realizations
1629,0.06012701562672697,Realizations
1630,0.029531505931077034,Realizations
1631,0.023857628639179573,Realizations
1632,0.024985949951227958,Realizations
1633,0.016401930046254946,Realizations
1634,0.02027193496768347,Realizations
1635,0.01803474188945236,Realizations
1636,0.037505581310404996,Realizations
1637,0.02672309363580666,Realizations
1638,0.014111455491875816,Realizations
1639,0.02282681290666982,Realizations
1640,0.050357206481584926,Realizations
1641,0.04351335914575043,Realizations
1642,0.013852401549657183,Realizations
1643,0.017066783993880917,Realizations
1644,0.0447597958352982,Realizations
1645,0.039666773345943776,Realizations
1646,0.04073786651010486,Realizations
1647,0.0018242691526687074,Realizations
1648,0.03108267931776652,Realizations
1649,0.020608827938111685,Realizations
1650,0.025825514941165913,Realizations
1651,0.016701552756409263,Realizations
1652,0.01741413879771629,Realizations
1653,0.034185903574892346,Realizations
1654,0.044596634688656676,Realizations
1655,0.02540018343572486,Realizations
1656,0.043349231198101836,Realizations
1657,0.04436685800641562,Realizations
1658,0.03241539625740569,Realizations
1659,0.06657758477302095,Realizations
1660,0.05799421022390583,Realizations
1661,0.0024166536349349162,Realizations
1662,0.005643925526775055,Realizations
1663,0.01183087090068802,Realizations
1664,0.026218800426992775,Realizations
1665,0.029207062804227572,Realizations
1666,0.036831936756581536,Realizations
1667,0.03906562065339397,Realizations
1668,0.06275669236081273,Realizations
1669,0.030306478411697493,Realizations
1670,0.04968650350430432,Realizations
1671,0.011651654877505453,Realizations
1672,0.015283965784870538,Realizations
1673,0.0333106713768335,Realizations
1674,0.040886650181257686,Realizations
1675,0.025736994062766604,Realizations
1676,0.04113148069200771,Realizations
1677,0.03949543016056234,Realizations
1678,0.020633029107399014,Realizations
1679,0.02378465019073404,Realizations
1680,0.01233352224825384,Realizations
1681,0.029531505931077034,Realizations
1682,0.023635186968464672,Realizations
1683,0.037505581310404996,Realizations
1684,0.02672309363580666,Realizations
1685,0.03081128556907644,Realizations
1686,0.028038647603783176,Realizations
1687,0.050357206481584926,Realizations
1688,0.030535333560619403,Realizations
1689,0.013852401549657183,Realizations
1690,0.017066783993880917,Realizations
1691,0.020176074882871993,Realizations
1692,0.04073786651010486,Realizations
1693,0.001125468946137043,Realizations
1694,0.0018242691526687074,Realizations
1695,0.020608827938111685,Realizations
1696,0.02735594383994804,Realizations
1697,0.04203341644909507,Realizations
1698,0.02869739994246967,Realizations
1699,0.025825514941165913,Realizations
1700,0.044596634688656676,Realizations
1701,0.02540018343572486,Realizations
1702,0.043349231198101836,Realizations
1703,0.04436685800641562,Realizations
1704,0.03241539625740569,Realizations
1705,0.06511349318251823,Realizations
1706,0.047236943953065644,Realizations
1707,0.027654607032202138,Realizations
1708,0.023889047827003743,Realizations
1709,0.029207062804227572,Realizations
1710,0.009215257959424903,Realizations
1711,0.03808689770359948,Realizations
1712,0.03906562065339397,Realizations
1713,0.06275669236081273,Realizations
1714,0.0333106713768335,Realizations
1715,0.040886650181257686,Realizations
1716,0.035964393388728116,Realizations
1717,0.03949543016056234,Realizations
1718,0.01233352224825384,Realizations
1719,0.016640230155294367,Realizations
1720,0.029531505931077034,Realizations
1721,0.024985949951227958,Realizations
1722,0.01834096212627221,Realizations
1723,0.023635186968464672,Realizations
1724,0.050357206481584926,Realizations
1725,0.030535333560619403,Realizations
1726,0.0447597958352982,Realizations
1727,0.039666773345943776,Realizations
1728,0.04073786651010486,Realizations
1729,0.032449635316192105,Realizations
1730,0.04203341644909507,Realizations
1731,0.04333714614005862,Realizations
1732,0.044596634688656676,Realizations
1733,0.02544300269877838,Realizations
1734,0.047236943953065644,Realizations
1735,0.027654607032202138,Realizations
1736,0.023889047827003743,Realizations
1737,0.042868698994790275,Realizations
1738,0.03808689770359948,Realizations
1739,0.02116912286831278,Realizations
1740,0.020684961730927903,Realizations
1741,0.0066164965073993165,Realizations
1742,0.008547786016434033,Realizations
1743,0.011651654877505453,Realizations
1744,0.04113148069200771,Realizations
1745,0.03949543016056234,Realizations
1746,0.02139294745766573,Realizations
1747,0.013253189716041506,Realizations
1748,0.017865617350431743,Realizations
1749,0.009541306600476914,Realizations
1750,0.021032059530464452,Realizations
1751,0.012525304028422128,Realizations
1752,0.024039259641789705,Realizations
1753,0.019363401555659323,Realizations
1754,0.024266114177214432,Realizations
1755,0.04073786651010486,Realizations
1756,0.013275069262043545,Realizations
1757,0.011266205520544997,Realizations
1758,0.020336343257743496,Realizations
1759,0.04299947992995459,Realizations
1760,0.04297951513902754,Realizations
1761,0.024949399505365406,Realizations
1762,0.01417248778484364,Realizations
1763,0.01845702228643789,Realizations
1764,0.016701552756409263,Realizations
1765,0.01741413879771629,Realizations
1766,0.034185903574892346,Realizations
1767,0.0024166536349349162,Realizations
1768,0.005643925526775055,Realizations
1769,0.00843950898137821,Realizations
1770,0.008278092269672722,Realizations
1771,0.009430512816430071,Realizations
1772,0.04961332819450934,Realizations
1773,0.04253612146900412,Realizations
1774,0.03976571193915389,Realizations
1775,0.037785021510699464,Realizations
1776,0.028550298611957226,Realizations
1777,0.045269780473266776,Realizations
1778,6.533675981579237e-05,Realizations
1779,0.009215257959424903,Realizations
1780,0.0019616770317898422,Realizations
1781,0.0036845310755447966,Realizations
1782,0.02180520227215402,Realizations
1783,0.01981748081146901,Realizations
1784,0.0241581273130924,Realizations
1785,0.02720802167895024,Realizations
1786,0.005246974108431251,Realizations
1787,0.024096651715182688,Realizations
1788,0.02552970161058735,Realizations
1789,0.0066164965073993165,Realizations
1790,0.008547786016434033,Realizations
1791,0.01534575167092383,Realizations
1792,0.015283965784870538,Realizations
1793,0.02455563742745515,Realizations
1794,0.025736994062766604,Realizations
1795,0.03949543016056234,Realizations
1796,0.019890882811799963,Realizations
1797,0.021032059530464452,Realizations
1798,0.02923874899805835,Realizations
1799,0.004127611576254001,Realizations
1800,0.005089380151917872,Realizations
1801,0.012525304028422128,Realizations
1802,0.024039259641789705,Realizations
1803,0.019363401555659323,Realizations
1804,0.02378465019073404,Realizations
1805,0.027376891397667382,Realizations
1806,0.027617191042580282,Realizations
1807,0.03276654204315585,Realizations
1808,0.03391485558269362,Realizations
1809,0.045047518808165314,Realizations
1810,0.06012701562672697,Realizations
1811,0.024266114177214432,Realizations
1812,0.023857628639179573,Realizations
1813,0.024985949951227958,Realizations
1814,0.01834096212627221,Realizations
1815,0.006073343352761421,Realizations
1816,0.020336343257743496,Realizations
1817,0.034769560487951844,Realizations
1818,0.006430022970853808,Realizations
1819,0.009072421678661853,Realizations
1820,0.013847964494672732,Realizations
1821,0.016516023176503858,Realizations
1822,0.02553850047636047,Realizations
1823,0.052571964997288244,Realizations
1824,0.034185903574892346,Realizations
1825,0.016448848992775916,Realizations
1826,0.02147558471002874,Realizations
1827,0.06657758477302095,Realizations
1828,0.05799421022390583,Realizations
1829,0.06511349318251823,Realizations
1830,0.00843950898137821,Realizations
1831,0.01183087090068802,Realizations
1832,0.027654607032202138,Realizations
1833,0.04961332819450934,Realizations
1834,0.04253612146900412,Realizations
1835,0.03976571193915389,Realizations
1836,0.037785021510699464,Realizations
1837,0.028550298611957226,Realizations
1838,0.045269780473266776,Realizations
1839,0.04107521245886263,Realizations
1840,0.029362593088427095,Realizations
1841,6.533675981579237e-05,Realizations
1842,0.0005217790769027893,Realizations
1843,0.002880464589961003,Realizations
1844,0.0036845310755447966,Realizations
1845,0.014328780240380036,Realizations
1846,0.02236875230528134,Realizations
1847,0.022765651713834236,Realizations
1848,0.0358099662316484,Realizations
1849,0.06275669236081273,Realizations
1850,0.023405039711205573,Realizations
1851,0.05503013176308026,Realizations
1852,0.02552970161058735,Realizations
1853,0.02998007452114632,Realizations
1854,0.03329647978818441,Realizations
1855,0.01534575167092383,Realizations
1856,0.015283965784870538,Realizations
1857,0.025736994062766604,Realizations
1858,0.007212549263652696,Realizations
1859,0.019890882811799963,Realizations
1860,0.021032059530464452,Realizations
1861,0.02923874899805835,Realizations
1862,0.02614890124918323,Realizations
1863,0.024039259641789705,Realizations
1864,0.019363401555659323,Realizations
1865,0.02378465019073404,Realizations
1866,0.027376891397667382,Realizations
1867,0.027617191042580282,Realizations
1868,0.047181393392965454,Realizations
1869,0.03805382865871092,Realizations
1870,0.016640230155294367,Realizations
1871,0.06012701562672697,Realizations
1872,0.04738682797372539,Realizations
1873,0.03180236841611284,Realizations
1874,0.016401930046254946,Realizations
1875,0.02027193496768347,Realizations
1876,0.008197546671801594,Realizations
1877,0.014111455491875816,Realizations
1878,0.02282681290666982,Realizations
1879,0.03137277994725828,Realizations
1880,0.033015101695031614,Realizations
1881,0.01254421916433623,Realizations
1882,0.032683002729712675,Realizations
1883,0.006073343352761421,Realizations
1884,0.05231717136282346,Realizations
1885,0.024949399505365406,Realizations
1886,0.034769560487951844,Realizations
1887,0.015967039912306927,Realizations
1888,0.013847964494672732,Realizations
1889,0.016516023176503858,Realizations
1890,0.02553850047636047,Realizations
1891,0.052571964997288244,Realizations
1892,0.02789793728300694,Realizations
1893,0.02544300269877838,Realizations
1894,0.05799421022390583,Realizations
1895,0.06511349318251823,Realizations
1896,0.020286822810967317,Realizations
1897,0.045269780473266776,Realizations
1898,0.04107521245886263,Realizations
1899,0.029207062804227572,Realizations
1900,0.029362593088427095,Realizations
1901,0.02720802167895024,Realizations
1902,0.06275669236081273,Realizations
1903,0.022381679392408853,Realizations
1904,0.040886650181257686,Realizations
1905,0.01941324758860762,Realizations
1906,0.04025430262313754,Realizations
1907,0.04113148069200771,Realizations
1908,0.019890882811799963,Realizations
1909,0.020633029107399014,Realizations
1910,0.025180042011813616,Realizations
1911,0.029515636888659758,Realizations
1912,0.0203131995908887,Realizations
1913,0.013537783052503452,Realizations
1914,0.0708697989653488,Realizations
1915,0.03172136787320826,Realizations
1916,0.03180236841611284,Realizations
1917,0.023635186968464672,Realizations
1918,0.037505581310404996,Realizations
1919,0.050357206481584926,Realizations
1920,0.030535333560619403,Realizations
1921,0.03452367548074789,Realizations
1922,0.05231717136282346,Realizations
1923,0.018526966548678726,Realizations
1924,0.052571964997288244,Realizations
1925,0.044596634688656676,Realizations
1926,0.021359593290661533,Realizations
1927,0.02789793728300694,Realizations
1928,0.02544300269877838,Realizations
1929,0.005643925526775055,Realizations
1930,0.00843950898137821,Realizations
1931,0.01183087090068802,Realizations
1932,0.03168316495487635,Realizations
1933,0.055992333222207834,Realizations
1934,0.04961332819450934,Realizations
1935,0.011213490912742981,Realizations
1936,0.029207062804227572,Realizations
1937,0.0358099662316484,Realizations
1938,0.040886650181257686,Realizations
1939,0.054192553576812075,Realizations
1940,0.04113148069200771,Realizations
1941,0.029515636888659758,Realizations
1942,0.013537783052503452,Realizations
1943,0.04609999524050428,Realizations
1944,0.03180236841611284,Realizations
1945,0.037505581310404996,Realizations
1946,0.030535333560619403,Realizations
1947,0.044464818664642865,Realizations
1948,0.044596634688656676,Realizations
1949,0.02544300269877838,Realizations
1950,0.027654607032202138,Realizations
1951,0.04961332819450934,Realizations
1952,0.029207062804227572,Realizations
1953,0.0358099662316484,Realizations
1954,0.06275669236081273,Realizations
1955,0.040886650181257686,Realizations
1956,0.029515636888659758,Realizations
1957,0.052571964997288244,Realizations
1958,0.02544300269877838,Realizations
1959,0.03808689770359948,Realizations
1960,0.014846857840640434,Realizations
1961,0.022381679392408853,Realizations
1962,0.022461443895720464,Realizations
1963,0.02998007452114632,Realizations
1964,0.013416086968976913,Realizations
1965,0.017666023102674417,Realizations
1966,0.023044352044274522,Realizations
1967,0.021831623516247324,Realizations
1968,0.04113148069200771,Realizations
1969,0.019363401555659323,Realizations
1970,9.631139514332218e-05,Realizations
1971,0.0016065215867602696,Realizations
1972,0.03805382865871092,Realizations
1973,0.016640230155294367,Realizations
1974,0.008738600784096476,Realizations
1975,0.029531505931077034,Realizations
1976,0.04738682797372539,Realizations
1977,0.013855464625260652,Realizations
1978,0.016401930046254946,Realizations
1979,0.02027193496768347,Realizations
1980,0.008354915145913836,Realizations
1981,0.03452367548074789,Realizations
1982,0.032683002729712675,Realizations
1983,0.006073343352761421,Realizations
1984,0.02056297491367629,Realizations
1985,0.02128400245935543,Realizations
1986,0.03153181378982655,Realizations
1987,0.03908118903235763,Realizations
1988,0.03920211965000877,Realizations
1989,0.013891885512477884,Realizations
1990,0.016329863099285465,Realizations
1991,0.02586437581352839,Realizations
1992,0.03334090369491049,Realizations
1993,0.03763297404098493,Realizations
1994,0.043349231198101836,Realizations
1995,0.04436685800641562,Realizations
1996,0.008735464190776083,Realizations
1997,0.01123071873018472,Realizations
1998,0.02888318541207519,Realizations
1999,0.047236943953065644,Realizations
2000,0.027654607032202138,Realizations
2001,0.053811272867095146,Realizations
2002,0.055992333222207834,Realizations
2003,0.018401175628588725,Realizations
2004,0.01850979950262643,Realizations
2005,0.023812401197628664,Realizations
2006,0.011213490912742981,Realizations
2007,0.011373218737373217,Realizations
2008,0.01305179235808052,Realizations
2009,0.028550298611957226,Realizations
2010,0.011717083388738746,Realizations
2011,0.01350509914867877,Realizations
2012,0.015015904521429684,Realizations
2013,0.030996166085332715,Realizations
2014,0.03164512512482781,Realizations
2015,0.0420489233242832,Realizations
2016,0.03517193661749004,Realizations
2017,0.03502839534201879,Realizations
2018,0.048811267236188,Realizations
2019,0.004123900565461038,Realizations
2020,0.006632098620567334,Realizations
2021,0.005359385825140472,Realizations
2022,0.008348771074795758,Realizations
2023,0.012477231991972584,Realizations
2024,0.038353744306080004,Realizations
2025,0.02419725811560748,Realizations
2026,0.0241581273130924,Realizations
2027,0.02720802167895024,Realizations
2028,0.022381679392408853,Realizations
2029,0.022461443895720464,Realizations
2030,0.02998007452114632,Realizations
2031,0.013416086968976913,Realizations
2032,0.017666023102674417,Realizations
2033,0.023044352044274522,Realizations
2034,0.021831623516247324,Realizations
2035,0.0333106713768335,Realizations
2036,0.04503473916042755,Realizations
2037,0.03963674469537025,Realizations
2038,0.04061401345064385,Realizations
2039,0.04113148069200771,Realizations
2040,0.020529146612672227,Realizations
2041,0.02923874899805835,Realizations
2042,9.631139514332218e-05,Realizations
2043,0.016640230155294367,Realizations
2044,0.008738600784096476,Realizations
2045,0.02457678809139598,Realizations
2046,0.035132053784812364,Realizations
2047,0.027372826375973717,Realizations
2048,0.023635186968464672,Realizations
2049,0.037505581310404996,Realizations
2050,0.008354915145913836,Realizations
2051,0.025505054696132,Realizations
2052,0.032683002729712675,Realizations
2053,0.02056297491367629,Realizations
2054,0.02128400245935543,Realizations
2055,0.03108267931776652,Realizations
2056,0.03153181378982655,Realizations
2057,0.034769560487951844,Realizations
2058,0.03908118903235763,Realizations
2059,0.03920211965000877,Realizations
2060,0.021440805952073975,Realizations
2061,0.04597705191778721,Realizations
2062,0.04727581373646573,Realizations
2063,0.013891885512477884,Realizations
2064,0.016329863099285465,Realizations
2065,0.04203341644909507,Realizations
2066,0.02586437581352839,Realizations
2067,0.027475507101298625,Realizations
2068,0.01472250854038975,Realizations
2069,0.023812401197628664,Realizations
2070,0.007015415525474635,Realizations
2071,0.011373218737373217,Realizations
2072,0.01305179235808052,Realizations
2073,0.023889047827003743,Realizations
2074,0.030996166085332715,Realizations
2075,0.03164512512482781,Realizations
2076,0.0420489233242832,Realizations
2077,0.03502839534201879,Realizations
2078,0.005359385825140472,Realizations
2079,0.008348771074795758,Realizations
2080,0.012477231991972584,Realizations
2081,0.038353744306080004,Realizations
2082,0.02419725811560748,Realizations
2083,0.022381679392408853,Realizations
2084,0.022461443895720464,Realizations
2085,0.017666023102674417,Realizations
2086,0.023044352044274522,Realizations
2087,0.0333106713768335,Realizations
2088,0.03949543016056234,Realizations
2089,0.02923874899805835,Realizations
2090,0.0203131995908887,Realizations
2091,0.013537783052503452,Realizations
2092,0.035132053784812364,Realizations
2093,0.025505054696132,Realizations
2094,0.03108267931776652,Realizations
2095,0.050353774743241396,Realizations
2096,0.044464818664642865,Realizations
2097,0.020608827938111685,Realizations
2098,0.04333714614005862,Realizations
2099,0.023889047827003743,Realizations
2100,0.030996166085332715,Realizations
2101,0.03164512512482781,Realizations
2102,0.0420489233242832,Realizations
2103,0.024096651715182688,Realizations
2104,0.02552970161058735,Realizations
2105,0.00940693043286146,Realizations
2106,0.01133493204041961,Realizations
2107,0.015441899703400423,Realizations
2108,0.034862781555801546,Realizations
2109,0.054192553576812075,Realizations
2110,0.043307409183931694,Realizations
2111,0.007212549263652696,Realizations
2112,0.009160092903446371,Realizations
2113,0.03131712813139721,Realizations
2114,0.02139294745766573,Realizations
2115,0.013253189716041506,Realizations
2116,0.0008864937789964963,Realizations
2117,0.0028720090520297104,Realizations
2118,0.009541306600476914,Realizations
2119,0.004127611576254001,Realizations
2120,0.005089380151917872,Realizations
2121,0.009101177896107947,Realizations
2122,0.010307332283461835,Realizations
2123,0.0447597958352982,Realizations
2124,0.039666773345943776,Realizations
2125,0.04858009367766719,Realizations
2126,0.051665324002642926,Realizations
2127,0.057276167437259294,Realizations
2128,0.021440805952073975,Realizations
2129,0.04597705191778721,Realizations
2130,0.04727581373646573,Realizations
2131,0.04102781276304481,Realizations
2132,0.017499162190743236,Realizations
2133,0.021398588571569024,Realizations
2134,0.028815288580529595,Realizations
2135,0.013985494568179303,Realizations
2136,0.013278704683856862,Realizations
2137,0.015967039912306927,Realizations
2138,0.02553850047636047,Realizations
2139,0.02586437581352839,Realizations
2140,0.027475507101298625,Realizations
2141,0.008735464190776083,Realizations
2142,0.01123071873018472,Realizations
2143,0.02888318541207519,Realizations
2144,0.008278092269672722,Realizations
2145,0.009430512816430071,Realizations
2146,0.01183087090068802,Realizations
2147,0.027654607032202138,Realizations
2148,0.007015415525474635,Realizations
2149,0.011373218737373217,Realizations
2150,0.01305179235808052,Realizations
2151,0.029207062804227572,Realizations
2152,0.0019616770317898422,Realizations
2153,0.0036845310755447966,Realizations
2154,0.008348771074795758,Realizations
2155,0.012477231991972584,Realizations
2156,0.01981748081146901,Realizations
2157,0.0241581273130924,Realizations
2158,0.02720802167895024,Realizations
2159,0.02116912286831278,Realizations
2160,0.020684961730927903,Realizations
2161,0.023405039711205573,Realizations
2162,0.031205445533505596,Realizations
2163,0.034862781555801546,Realizations
2164,0.03291440156575675,Realizations
2165,0.035964393388728116,Realizations
2166,0.05141455763352419,Realizations
2167,0.04025430262313754,Realizations
2168,0.04113148069200771,Realizations
2169,0.03131712813139721,Realizations
2170,0.022923809452102935,Realizations
2171,0.013253189716041506,Realizations
2172,0.017865617350431743,Realizations
2173,0.021032059530464452,Realizations
2174,0.004127611576254001,Realizations
2175,0.005089380151917872,Realizations
2176,0.009101177896107947,Realizations
2177,0.02614890124918323,Realizations
2178,0.027376891397667382,Realizations
2179,0.027617191042580282,Realizations
2180,0.03276654204315585,Realizations
2181,0.03172136787320826,Realizations
2182,0.0447597958352982,Realizations
2183,0.039666773345943776,Realizations
2184,0.05231717136282346,Realizations
2185,0.03302982843324978,Realizations
2186,0.03206068844068164,Realizations
2187,0.04727581373646573,Realizations
2188,0.04102781276304481,Realizations
2189,0.028227888674998616,Realizations
2190,0.01865593881605366,Realizations
2191,0.024007398512562828,Realizations
2192,0.008735464190776083,Realizations
2193,0.01123071873018472,Realizations
2194,0.02888318541207519,Realizations
2195,0.03435133178854386,Realizations
2196,0.008278092269672722,Realizations
2197,0.009430512816430071,Realizations
2198,0.01183087090068802,Realizations
2199,0.027654607032202138,Realizations
2200,0.0013900137658050197,Realizations
2201,0.002109292501784566,Realizations
2202,0.011373218737373217,Realizations
2203,0.01305179235808052,Realizations
2204,0.023889047827003743,Realizations
2205,0.030996166085332715,Realizations
2206,0.03164512512482781,Realizations
2207,0.0420489233242832,Realizations
2208,0.014328780240380036,Realizations
2209,0.005359385825140472,Realizations
2210,0.038353744306080004,Realizations
2211,0.04311191557256899,Realizations
2212,0.04968650350430432,Realizations
2213,0.031205445533505596,Realizations
2214,0.034862781555801546,Realizations
2215,0.03291440156575675,Realizations
2216,0.035964393388728116,Realizations
2217,0.05141455763352419,Realizations
2218,0.0530402763825186,Realizations
2219,0.05228107939872213,Realizations
2220,0.022923809452102935,Realizations
2221,0.017865617350431743,Realizations
2222,0.019890882811799963,Realizations
2223,0.021032059530464452,Realizations
2224,0.02614890124918323,Realizations
2225,0.04117991202893461,Realizations
2226,0.03805382865871092,Realizations
2227,0.01834096212627221,Realizations
2228,0.03172136787320826,Realizations
2229,0.03137277994725828,Realizations
2230,0.033015101695031614,Realizations
2231,0.039666773345943776,Realizations
2232,0.04073786651010486,Realizations
2233,0.03302982843324978,Realizations
2234,0.03206068844068164,Realizations
2235,0.04597705191778721,Realizations
2236,0.04727581373646573,Realizations
2237,0.028227888674998616,Realizations
2238,0.022886503594405787,Realizations
2239,0.04333714614005862,Realizations
2240,0.024007398512562828,Realizations
2241,0.025825514941165913,Realizations
2242,0.03250044046778603,Realizations
2243,0.02888318541207519,Realizations
2244,0.03435133178854386,Realizations
2245,0.027654607032202138,Realizations
2246,0.0013900137658050197,Realizations
2247,0.002109292501784566,Realizations
2248,0.0027880163880553343,Realizations
2249,0.023889047827003743,Realizations
2250,0.0420489233242832,Realizations
2251,0.014328780240380036,Realizations
2252,0.04311191557256899,Realizations
2253,0.1293601733087415,Reference
